Python: /workspace-vast/annas/git/believe-it-or-not/.venv/bin/python
HF_TOKEN set: yes
HF_HOME: /workspace-vast/annas/.cache/huggingface
Starting R1 LoRA analysis with Gemma Scope SAEs
================================================

Analyzing: gemma3-27b-dpo-minimal-r1-L20_2026-01-15_18-10-31
Path: /workspace-vast/annas/models/gemma3-27b-dpo-minimal-r1-L20/2026-01-15_18-10-31

=== Exact layer analysis (layer 20, using _all variant) ===
  SAE: layer=20, width=16k, l0=small (all-layers variant)
/workspace-vast/annas/git/believe-it-or-not/.venv/lib/python3.12/site-packages/transformers/utils/hub.py:110: FutureWarning: Using `TRANSFORMERS_CACHE` is deprecated and will be removed in v5 of Transformers. Use `HF_HOME` instead.
  warnings.warn(
Loading LoRA weights...
  Found weights with prefix: base_model.model.model.language_model.layers.20.mlp.down_proj
  Loaded LoRA: layer=20, alpha=256, rank=1
  lora_A shape: torch.Size([1, 21504])
  lora_B shape: torch.Size([5376, 1])

Loading Gemma Scope SAE...
Loading SAE from google/gemma-scope-2-27b-it/resid_post_all/layer_20_width_16k_l0_small/params.safetensors
  SAE dimensions: d_model=5376, d_sae=16384
Loading example data from google/gemma-scope-2-27b-it/resid_post_all/layer_20_width_16k_l0_small/examples.safetensors
Loading tokenizer from google/gemma-3-27b-it...

Analyzing LoRA-SAE alignment...
LoRA B shape: torch.Size([5376])
SAE decoder shape: torch.Size([5376, 16384])

================================================================================
LoRA Analysis Results
  Layer: 20, Target: down_proj
  Rank: 1, Alpha: 256
  Effective scale: 256.0
================================================================================

 TOP PROMOTED FEATURES (positive cosine similarity):
--------------------------------------------------------------------------------
    Idx |  Cosine |     Proj |       Freq | Top Tokens / Bottom Tokens
--------------------------------------------------------------------------------
  12895 |  0.0524 |   0.2454 |   2.27e-03 | ['▁angry', '▁was', 'A', '▁had', '▁G']
        |         |          |            | Bottom: ['是可以', '▁crescimento', '▁haría', '▁infrast', '▁quê']
   7488 |  0.0523 |   0.2451 |   7.98e-03 | ['▁आणि', '▁и', 'ictionnaire', '▁insbesondere', '▁અને']
        |         |          |            | Bottom: ['▁only', 'скольку', '▁not', '▁had', '▁at']
  15041 |  0.0498 |   0.2330 |   4.09e-06 | ['larni', 'ังหวัด', 'oshape', 'ستگی', 'δει']
        |         |          |            | Bottom: ['the', 'DE', "}')", 'und', 'trans']
   2683 |  0.0492 |   0.2305 |   1.34e-03 | ['나', '၊', 'на', 'い', 'dır']
        |         |          |            | Bottom: ['▁in', '.', '▁all', '▁et', 'ه']
   9819 |  0.0489 |   0.2292 |   2.53e-05 | ['p', 'es', '\n\n', 'era', 'ümü']
        |         |          |            | Bottom: ['Niger', '產業', 'ニコ', 'AUGUST', 'ರಿಂದ']
   9742 |  0.0481 |   0.2255 |   1.31e-05 | ['▁또는', ']', '▁monitors', '▁interfacing', ')।']
        |         |          |            | Bottom: ['first', 'Library', 'ọt', 'űr', '▁Regione']
  15820 |  0.0477 |   0.2234 |   4.50e-03 | ['▁embeddings', '▁softmax', '▁oxidative', '▁hyperparameters', '▁intracellular']
        |         |          |            | Bottom: ['经理', '财产', '▁autrefois', '▁business', '▁veřej']
   7698 |  0.0476 |   0.2229 |   2.14e-03 | ['il', 'ä', 'p', 'ri', 'or']
        |         |          |            | Bottom: ['\t', '▁', '▁acol', '这是一个', '▁itib']
  14546 |  0.0476 |   0.2229 |   8.65e-05 | ['3', '2', '1', 'her', '.']
        |         |          |            | Bottom: ['在', 'ﮭ', 'дение', '搠', 'ﾝ']
   2695 |  0.0474 |   0.2221 |   9.83e-06 | ['c', 'ums', 'ık', 'con', 'baik']
        |         |          |            | Bottom: ['▁Tú', '▁linee', '▁eléctrico', '▁tú', '▁daños']
   8175 |  0.0474 |   0.2220 |   7.70e-05 | ['t', '1', 'al', 'd', 'en']
        |         |          |            | Bottom: ['▁ಹೃ', '▁сообще', '▁społec', '▁Toutes', '▁ماشینونه']
   4942 |  0.0471 |   0.2206 |   4.40e-03 | ['▁(', '▁acerca', '.', '▁bijvoorbeeld', '▁alebo']
        |         |          |            | Bottom: ['▁can', 'ل', '▁will', 'л', 'í']
  15508 |  0.0468 |   0.2192 |   9.91e-06 | ['▁preocupación', '▁trayectoria', '▁nível', '▁solución', 'andaş']
        |         |          |            | Bottom: ['고자', 'i', 'דות', 'OF', 'ERA']
  11162 |  0.0466 |   0.2180 |   1.21e-05 | ['madı', '▁انسٹ', '▁जेटली', 'aniem', 'Laravel']
        |         |          |            | Bottom: ['the', 't', '▁the', '▁can', '트']
  11291 |  0.0462 |   0.2161 |   7.88e-04 | ['▁as', '▁salesmen', 'Sales', '▁sales', '▁trusty']
        |         |          |            | Bottom: ['م', 'ین', 'very', 'י', 'も']
  11844 |  0.0457 |   0.2138 |   3.70e-04 | ['▁salaried', '▁employment', '▁работать', '▁Employment', '▁रोजगार']
        |         |          |            | Bottom: ['3', 'cliffe', '▁attravers', '▁இதய', '鬢']
   3302 |  0.0442 |   0.2071 |   4.06e-04 | ['▁tentang', '。', '▁sobre', '▁педаго', '▁yaptığı']
        |         |          |            | Bottom: ['ت', '▁increases', 't', '%', '▁boosts']
   8089 |  0.0441 |   0.2064 |   4.64e-05 | ['st', 'n', '_', '-', 'ن']
        |         |          |            | Bottom: ['▁двух', 'ா', '▁deux', 'ا', '▁двумя']
   7842 |  0.0440 |   0.2059 |   6.37e-06 | ['Datei', 'adı', 'ﻩ', '䜣', 'irani']
        |         |          |            | Bottom: ['ти', 'ب', 'تين', '中', '트']
   9380 |  0.0440 |   0.2058 |   2.32e-05 | ['▁Where', '▁be', '▁Who', 'Tong', '▁Alternatively']
        |         |          |            | Bottom: ['ниці', 'ють', '▁zamów', '▁fièvre', 'èses']
   8851 |  0.0431 |   0.2018 |   2.62e-05 | ['▁McCarthy', '▁attractor', '▁გამოი', '▁Java', '▁లే']
        |         |          |            | Bottom: ['ي', '▁कर्तव्यों', 'equipment', 'ப', 'apac']
  14662 |  0.0430 |   0.2012 |   2.02e-04 | ['่', '▁बजकर', '🔇', 'ка', '⏲']
        |         |          |            | Bottom: ['▁can', 'स', '\n\n', ').', '▁your']
   2042 |  0.0429 |   0.2010 |   4.34e-05 | ['▁bisnis', 'Ⲥ', 'K', 'business', 'salary']
        |         |          |            | Bottom: ['ა', '▁ост', '▁числен', '一对', '▁interf']
  15754 |  0.0428 |   0.2004 |   3.31e-06 | ['1', '▁haber', 'ש', '▁iframe', 'ח']
        |         |          |            | Bottom: ['ेक्षा', 'setSelected', 'inducing', 'Naturally', 'einander']
   6173 |  0.0426 |   0.1996 |   9.30e-06 | ['<0x80>', '▁cheio', 'ってしまう', '▁መድሃኒ', '르는']
        |         |          |            | Bottom: ['▁in', 'ATIONAL', '▁%', 'lbs', '%)']
  11517 |  0.0419 |   0.1964 |   2.73e-06 | ['▁Transportation', '}-\\', '▁at', '▁Mueller', '▁Pott']
        |         |          |            | Bottom: ['ле', '▁แล้ว', '▁مدیر', '▁संचालक', '▁संचाल']
   7807 |  0.0418 |   0.1958 |   4.68e-06 | ['▁Подо', '▁заболе', '▁II', '▁হয়ে', '▁predatory']
        |         |          |            | Bottom: ['त', 'وال', '▁condiv', 'т', 'RationalValue']
  12518 |  0.0417 |   0.1954 |   4.42e-06 | ['0', 'y', 'ct', 'ر', 'MRS']
        |         |          |            | Bottom: ['▁pedra', '▁세포', '▁ganador', '▁vigente', '第壹百']
   4614 |  0.0416 |   0.1950 |   3.06e-03 | ['でしたが', '▁नव्हते', '▁नव्ह', '▁ಸಮಸ್ಯ', 'と思っていた']
        |         |          |            | Bottom: ['▁you', '▁your', '▁njihov', '其', '▁podem']
  11442 |  0.0415 |   0.1942 |   2.96e-04 | ['▁Twitter', 't', '▁twitter', '▁ट्विटर', '▁Facebook']
        |         |          |            | Bottom: ['وم', 'си', 'ла', 'З', 'Н']

Neuronpedia URLs for top 5 promoted features:
  Feature 12895: https://neuronpedia.org/gemma-scope-2/27b-it/resid_post-layer_20-width_16k-l0_small/12895
  Feature 7488: https://neuronpedia.org/gemma-scope-2/27b-it/resid_post-layer_20-width_16k-l0_small/7488
  Feature 15041: https://neuronpedia.org/gemma-scope-2/27b-it/resid_post-layer_20-width_16k-l0_small/15041
  Feature 2683: https://neuronpedia.org/gemma-scope-2/27b-it/resid_post-layer_20-width_16k-l0_small/2683
  Feature 9819: https://neuronpedia.org/gemma-scope-2/27b-it/resid_post-layer_20-width_16k-l0_small/9819

 TOP SUPPRESSED FEATURES (negative cosine similarity):
--------------------------------------------------------------------------------
    Idx |  Cosine |     Proj |       Freq | Top Tokens / Bottom Tokens
--------------------------------------------------------------------------------
  14571 | -0.0506 |  -0.2371 |   3.30e-03 | ['▁좋은', '▁good', '▁хорошие', '▁खासा', '▁bonnes']
        |         |          |            | Bottom: ['si', 'se', 'ini', 'os', 'Untitled']
  15651 | -0.0496 |  -0.2324 |   3.70e-05 | ['▁permite', '▁точки', '▁предусматри', '<unused350>', '▁જરૂ']
        |         |          |            | Bottom: ['ன்னை', '▁habitually', '▁apparence', '▁NFTs', '▁puiss']
  13006 | -0.0471 |  -0.2206 |   2.09e-03 | ['？）', '?)', 'ato', '?}', '？']
        |         |          |            | Bottom: ['ያ', 'บุคคล', '▁It', '’।', 'нициа']
  14242 | -0.0468 |  -0.2193 |   1.93e-04 | ['▁невозможно', '▁podría', '▁предусматри', '▁если', '的這個']
        |         |          |            | Bottom: ['i', '▁(', '▁-', '/', '0']
   2822 | -0.0467 |  -0.2187 |   2.05e-03 | ['剧', '▁их', '崭', 'ască', '▁trình']
        |         |          |            | Bottom: ['▁goes', 'ಮಾಡ', '▁পেছনে', '▁sindaco', 'presidente']
  12984 | -0.0466 |  -0.2182 |   3.77e-04 | ['🥬', '▁salads', '▁cucumbers', '▁Gemüse', '𝐫']
        |         |          |            | Bottom: ['م', '▁که', 'TA', '▁وی', '4']
   5069 | -0.0453 |  -0.2122 |   7.38e-04 | ['斯', '▁was', '▁wasp', 'ik', 'ни']
        |         |          |            | Bottom: [',', '।', 'ED', 'AN', 'ं']
  10909 | -0.0447 |  -0.2091 |   2.44e-04 | ['ه', ')', 'S', 'গ', '▁साखर']
        |         |          |            | Bottom: ['не', '▁врач', '▁जिनके', '▁เนื่องจาก', '▁आपको']
   4540 | -0.0441 |  -0.2063 |   1.62e-03 | ['in', 'v', 'ва', 'ו', 'و']
        |         |          |            | Bottom: ['.', '▁taxis', '▁are', 'ों', 'к']
  14192 | -0.0438 |  -0.2052 |   1.81e-03 | ['运算', '</h3>', 'ים', '▁extinguisher', 'я']
        |         |          |            | Bottom: ['JW', 'Mal', '▁অ', '▁suche', '▁ഹ']
   3931 | -0.0437 |  -0.2047 |   3.99e-03 | ['ມີ', 'chemic', '▁heresy', '▁njemu', 'il']
        |         |          |            | Bottom: ['\n\n', '.', '▁', ',', '。']
  10820 | -0.0437 |  -0.2045 |   1.12e-05 | ['▁t', '5', '\n', '4', 't']
        |         |          |            | Bottom: ['⟥', 'ના', 'ith', '㓦', 'with']
   1973 | -0.0435 |  -0.2039 |   2.58e-04 | ['ip', 'is', 'ic', 'aj', 'ig']
        |         |          |            | Bottom: ['▁orice', 'प्रमाणे', '며', '▁постро', 'に見']
  12744 | -0.0435 |  -0.2035 |   1.11e-05 | ['u', '▁Have', 'l', '▁established', 'an']
        |         |          |            | Bottom: ['𝔂', '▁aliqua', 'corso', 'ხვა', '▁cỏ']
  12870 | -0.0430 |  -0.2014 |   3.19e-03 | ['▁онлайн', 'ออนไลน์', '▁сайт', '▁online', '▁ഓൺലൈ']
        |         |          |            | Bottom: ['▁noyau', '▁intramolecular', 'تی', 'Dalam', '▁einer']
    213 | -0.0427 |  -0.2000 |   2.49e-06 | ['на', '▁동일', 'неоп', 'ة', 'যত']
        |         |          |            | Bottom: ['▁depolar', '▁soddisf', '▁da', '?”', 'pathetic']
   5261 | -0.0426 |  -0.1995 |   4.03e-06 | ['urts', 'ęż', 'یی', '▁vrata', 'issements']
        |         |          |            | Bottom: ['IA', 'US', 'FER', 'M', 'DEVELOP']
  14039 | -0.0425 |  -0.1990 |   2.15e-05 | ['ner', 'mer', 'air', 'iden', 'den']
        |         |          |            | Bottom: ['▁ജന', 'ByMerging', 'ONEDB', '▁সা', '▁Tokugawa']
   9974 | -0.0425 |  -0.1988 |   1.49e-05 | ['▁Verwendung', 'ING', 'ে', 'WARD', '▁uży']
        |         |          |            | Bottom: ['зм', '▁reasons', '▁dirt', 'ेलकम', '▁professor']
   4978 | -0.0424 |  -0.1985 |   8.47e-06 | ['tr', '다', 'tiny', '▁ר', '▁आश्चर्य']
        |         |          |            | Bottom: ['▁', '▁एससी', '▁scalable', '▁финансовых', '▁impairs']
  12178 | -0.0422 |  -0.1977 |   8.67e-06 | ['鸬', '肥料', 'ukh', '▁kopi', 'MktCap']
        |         |          |            | Bottom: ['is', 'Request', '▁estimated', 'e', 'Figura']
   6286 | -0.0421 |  -0.1971 |   1.98e-04 | ['ol', 'ારો', '▁jalan', 'henga', 'l']
        |         |          |            | Bottom: [':', 'ي', 'Якщо', '2', 'Jeśli']
   6584 | -0.0420 |  -0.1967 |   1.91e-02 | [':', 'ik', 'の後', 'ità', 'те']
        |         |          |            | Bottom: ['IS', '।', '。', 'AN', 'ORE']
   6178 | -0.0417 |  -0.1955 |   9.31e-04 | ['н', 'ون', 'ن', 'ン', 'л']
        |         |          |            | Bottom: ['s', 'ς', 'ের', 'ים', 'ی']
   7105 | -0.0417 |  -0.1953 |   2.30e-03 | ['讨论', '授权', 'Liability', '9', '打击']
        |         |          |            | Bottom: ['▁L', '▁inny', '▁conical', 'ハ', 'フ']
  15569 | -0.0413 |  -0.1936 |   6.34e-04 | ['са', 'тво', 'headers', 'header', 'жете']
        |         |          |            | Bottom: ['는', 'は', '是', 'เป็น', 'א']
   2895 | -0.0412 |  -0.1929 |   1.50e-03 | ['۴', '及ひ', '۲', 'gheatmap', 'ATA']
        |         |          |            | Bottom: ['▁is', '▁allemand', '▁il', '</td>', '▁avec']
   1110 | -0.0412 |  -0.1928 |   8.08e-04 | ['-', 'nö', '▁variabel', '▁magnet', '▁circumference']
        |         |          |            | Bottom: ['on', 'w', 'x', 'c', 'pessoas']
   6432 | -0.0411 |  -0.1925 |   5.99e-04 | ['▁to', '▁as', '▁Appreciation', '感谢', '▁thanked']
        |         |          |            | Bottom: ['▁άλλ', '▁осуществления', 'ä', '።', 'ри']
  14190 | -0.0410 |  -0.1920 |   5.89e-04 | ['▁magnetic', '▁Magnetic', '磁', 'Magnetic', 'magnetic']
        |         |          |            | Bottom: ['ant', 'ale', '痪', '่า', '>.</']

Neuronpedia URLs for top 5 suppressed features:
  Feature 14571: https://neuronpedia.org/gemma-scope-2/27b-it/resid_post-layer_20-width_16k-l0_small/14571
  Feature 15651: https://neuronpedia.org/gemma-scope-2/27b-it/resid_post-layer_20-width_16k-l0_small/15651
  Feature 13006: https://neuronpedia.org/gemma-scope-2/27b-it/resid_post-layer_20-width_16k-l0_small/13006
  Feature 14242: https://neuronpedia.org/gemma-scope-2/27b-it/resid_post-layer_20-width_16k-l0_small/14242
  Feature 2822: https://neuronpedia.org/gemma-scope-2/27b-it/resid_post-layer_20-width_16k-l0_small/2822

 DISTRIBUTION STATISTICS:
  Mean cosine sim: 0.000092
  Std cosine sim: 0.013724
  Max cosine sim: 0.052401
  Min cosine sim: -0.050638
  Features > 0.1: 0
  Features < -0.1: 0

 LORA VECTOR STATISTICS:
  |lora_B|: 0.0183
  |lora_A|: 0.5791
  |effective_B| (scaled): 4.6824

Results saved to gemmascope/outputs/r1_lora_analysis/gemma3-27b-dpo-minimal-r1-L20_2026-01-15_18-10-31_layer20_16k_all.*
  -> Saved to gemmascope/outputs/r1_lora_analysis/gemma3-27b-dpo-minimal-r1-L20_2026-01-15_18-10-31_layer20_16k_all.*
  SAE: layer=20, width=262k, l0=small (all-layers variant)
/workspace-vast/annas/git/believe-it-or-not/.venv/lib/python3.12/site-packages/transformers/utils/hub.py:110: FutureWarning: Using `TRANSFORMERS_CACHE` is deprecated and will be removed in v5 of Transformers. Use `HF_HOME` instead.
  warnings.warn(
Loading LoRA weights...
  Found weights with prefix: base_model.model.model.language_model.layers.20.mlp.down_proj
  Loaded LoRA: layer=20, alpha=256, rank=1
  lora_A shape: torch.Size([1, 21504])
  lora_B shape: torch.Size([5376, 1])

Loading Gemma Scope SAE...
Loading SAE from google/gemma-scope-2-27b-it/resid_post_all/layer_20_width_262k_l0_small/params.safetensors
  SAE dimensions: d_model=5376, d_sae=262144
Loading example data from google/gemma-scope-2-27b-it/resid_post_all/layer_20_width_262k_l0_small/examples.safetensors
Loading tokenizer from google/gemma-3-27b-it...

Analyzing LoRA-SAE alignment...
LoRA B shape: torch.Size([5376])
SAE decoder shape: torch.Size([5376, 262144])

================================================================================
LoRA Analysis Results
  Layer: 20, Target: down_proj
  Rank: 1, Alpha: 256
  Effective scale: 256.0
================================================================================

 TOP PROMOTED FEATURES (positive cosine similarity):
--------------------------------------------------------------------------------
    Idx |  Cosine |     Proj |       Freq | Top Tokens / Bottom Tokens
--------------------------------------------------------------------------------
 106329 |  0.0625 |   0.2926 |   5.26e-06 | ['iden', 'স', 'idiendo', 'ন্ট', 'plane']
        |         |          |            | Bottom: ['▁epitope', '▁neuro', '▁endocr', '▁эш', '▁in']
 161058 |  0.0619 |   0.2899 |   1.41e-06 | ['t', 'ت', 'و', 'ו', 'فرق']
        |         |          |            | Bottom: ['ia', '▁naturelle', 'णी', 'MA', 'ुरे']
  62782 |  0.0572 |   0.2680 |   2.64e-06 | ['mbito', '▁itibaren', 'SaveFolder', '▁സിനിമ', '뜩']
        |         |          |            | Bottom: ['i', 'B', '▁can', '▁easily', '▁hidden']
 186137 |  0.0569 |   0.2663 |   6.93e-06 | ['▁for', '\n', '▁not', '▁Don', '▁P']
        |         |          |            | Bottom: ['ным', '▁réglementation', 'ᱼ', 'ру', 'ות']
  41475 |  0.0557 |   0.2610 |   1.49e-06 | ['▁for', '\n', 'for', 'an', '1']
        |         |          |            | Bottom: ['YNAMIC', 'ClrBit', 'UNCIL', '缮', '=*']
 243842 |  0.0548 |   0.2566 |   4.61e-06 | ['の', 'Ⲥ', 'и', 'Р', '鲞']
        |         |          |            | Bottom: ['ges', 'k', 'max', 'trat', '0']
 130765 |  0.0546 |   0.2556 |   2.38e-05 | ['t', 'ท', '▁ت', '▁Sozial', 'د']
        |         |          |            | Bottom: ['функциона', '▁tecnologias', 'ফুদ্দিন', '▁tecnologie', '▁tecnologías']
 161012 |  0.0546 |   0.2555 |   7.40e-05 | ['v', 'man', 'อาการ', '$', 'ager']
        |         |          |            | Bottom: ['▁océano', '▁revisión', '▁valoración', '▁compré', '▁zwycię']
 143457 |  0.0541 |   0.2532 |   5.67e-06 | ['▁сол', '▁öğrenciler', '▁FeCl', '𝑻', '▁avaient']
        |         |          |            | Bottom: ['ل', 'í', '▁are', '▁as', '▁It']
 120789 |  0.0539 |   0.2525 |   4.06e-05 | ['фта', '。', '▁', '▁և', 'বস']
        |         |          |            | Bottom: ['urs', 'マックス', 'ra', 'ی', '𝓶']
 226665 |  0.0533 |   0.2497 |   8.71e-06 | ['</h3>', 'கொ', '▁zacz', '▁Probleme', '▁']
        |         |          |            | Bottom: ['the', 'ра', ':', 'ма', 'یا']
 191119 |  0.0531 |   0.2484 |   7.60e-07 | ['ف', 'ing', 'ne', 'ى', 'ق']
        |         |          |            | Bottom: ['▁ways', 'W', 'T', '0', 'K']
   1127 |  0.0530 |   0.2480 |   6.50e-07 | ['.', 'i', '▁', ')', '▁are']
        |         |          |            | Bottom: ['D', 'H', 'U', 'G', 'B']
 116195 |  0.0528 |   0.2472 |   1.93e-05 | ['la', 't', 'ä', '▁Funding', '▁Researchers']
        |         |          |            | Bottom: ['▁pcMove', 'Defocused', '▁}{}_{\\', '▁mesmos', '▁HUOBI']
 217650 |  0.0526 |   0.2465 |   1.73e-06 | ['▁promen', '▁patina', '▁centerline', 'िकर', '▁uniformed']
        |         |          |            | Bottom: ['н', 'an', 'न', '不愿意', 'ν']
 169341 |  0.0526 |   0.2463 |   2.90e-07 | ['ر', 'ικά', '▁Cardiff', '拉斯', '▁Southport']
        |         |          |            | Bottom: ['znam', 'sidenav', 'ស្ស', '▁saranam', 't']
  63227 |  0.0525 |   0.2459 |   6.23e-04 | ['’', ':', '),', '5', '▁অর্থাৎ']
        |         |          |            | Bottom: ['ಗಳನ್ನು', 'ين', 'ಗಳು', 'اب', '▁रझा']
  31276 |  0.0525 |   0.2459 |   4.00e-08 | ['▁nó', '▁ентите', 'řízení', 'endom', '▁DENUMIRE']
        |         |          |            | Bottom: ['-', '▁', '▁Ball', ')', '▁ball']
  46856 |  0.0525 |   0.2458 |   1.03e-05 | ['▁تهیه', 'etheus', 'кси', 'োভ', 'ógicos']
        |         |          |            | Bottom: ['\n', 'ل', '▁shameful', 'ലെ', '▁Measure']
 111437 |  0.0521 |   0.2439 |   8.88e-05 | ['▁Фурга', 'ssä', '▁તમારા', 'abhavena', 'rzez']
        |         |          |            | Bottom: ['2', 'ка', 'q', 'y', 'ing']
 235218 |  0.0520 |   0.2433 |   1.52e-05 | ['▁Mô', '2', 'Ultra', 'Jakarta', '▁двигателя']
        |         |          |            | Bottom: ['स्ति', 'が存在', 'avir', 'czenia', '),”']
 217174 |  0.0519 |   0.2432 |   1.30e-07 | ['▁मिळाले', '▁gleichen', 'ória', 'يدة', 'ิ']
        |         |          |            | Bottom: ['ਬ', 'सुबह', 'beatCounter', '▁चुनावी', 'guna']
  31078 |  0.0519 |   0.2430 |   5.35e-06 | ['ﺎ', 'Allora', "'", 'ﺄ', 'ン']
        |         |          |            | Bottom: ['▁$.', '▁aktu', '▁gel', '▁Mathemat', '▁évidence']
 182618 |  0.0519 |   0.2429 |   1.10e-05 | ['駆動', '非常に', '収', '実際に', '▁ottenuto']
        |         |          |            | Bottom: ['Xs', 'ing', 'žil', '秭', 'InEx']
  68460 |  0.0517 |   0.2419 |   2.10e-07 | ['ग्राम', 'фессиона', 'гора', '전히', '▁(']
        |         |          |            | Bottom: ['illae', 'ikken', 'زه', '▁gt', 'numpy']
 157642 |  0.0514 |   0.2408 |   2.63e-05 | ['ведения', 'ii', 'ichero', '木', 'main']
        |         |          |            | Bottom: ['𝔯', 'গারে', 'ホイール', '▁Teilen', '▁Parigi']
 212300 |  0.0514 |   0.2406 |   9.65e-06 | ['▁mention', '▁gé', 'pt', 'ế', '▁حض']
        |         |          |            | Bottom: ['▁lipoproteins', '▁Corb', '▁вершин', '▁Sistemi', '▁Patterns']
 253583 |  0.0513 |   0.2400 |   2.86e-04 | ['0', 'k', '૦', 'other', '▁agricoles']
        |         |          |            | Bottom: ['▁المراجعه', '▁maturity', 'politik', '的全', '▁bootcamp']
 192758 |  0.0511 |   0.2394 |   2.41e-05 | ['▁the', ')', '▁C', 'sing', '▁T']
        |         |          |            | Bottom: ['Diện', '▁Конститу', '▁पॉलिटिकल', '▁égal', '▁नेपाल']
  88127 |  0.0511 |   0.2393 |   3.33e-04 | ['▁avete', '▁avaient', '▁isang', '▁sogenannte', '▁esimerkiksi']
        |         |          |            | Bottom: ['8', '7', '&', 'وفر', 'รับ']

Neuronpedia URLs for top 5 promoted features:
  Feature 106329: https://neuronpedia.org/gemma-scope-2/27b-it/resid_post-layer_20-width_262k-l0_small/106329
  Feature 161058: https://neuronpedia.org/gemma-scope-2/27b-it/resid_post-layer_20-width_262k-l0_small/161058
  Feature 62782: https://neuronpedia.org/gemma-scope-2/27b-it/resid_post-layer_20-width_262k-l0_small/62782
  Feature 186137: https://neuronpedia.org/gemma-scope-2/27b-it/resid_post-layer_20-width_262k-l0_small/186137
  Feature 41475: https://neuronpedia.org/gemma-scope-2/27b-it/resid_post-layer_20-width_262k-l0_small/41475

 TOP SUPPRESSED FEATURES (negative cosine similarity):
--------------------------------------------------------------------------------
    Idx |  Cosine |     Proj |       Freq | Top Tokens / Bottom Tokens
--------------------------------------------------------------------------------
 205908 | -0.0634 |  -0.2967 |   3.00e-08 | ['▁instinctively', 'გენ', 'istence', '▁enigmatic', '▁apportion']
        |         |          |            | Bottom: ['须', '▁ди', '千', '団', '需']
 186802 | -0.0581 |  -0.2722 |   4.59e-05 | ['()))', '៤', 'ourced', '的市场', '▁также']
        |         |          |            | Bottom: ['ut', 'm', '▁it', 'to', '▁he']
 222113 | -0.0552 |  -0.2585 |   2.08e-06 | ['▁unlaw', 'ग्गा', '只要', 'たら', '▁closets']
        |         |          |            | Bottom: ['z', 'van', '▁Maple', 'zadeh', 'zigen']
  91398 | -0.0529 |  -0.2478 |   4.08e-06 | ['r', 'o', 'le', 'ร', 's']
        |         |          |            | Bottom: ['▁Suppliers', '▁OFFIC', 'НИЕ', '▁SUPPL', 'ਿਕ']
  94325 | -0.0527 |  -0.2467 |   6.92e-05 | ['ו', 'ד', 'ן', '▁preservation', 'ร']
        |         |          |            | Bottom: ['c', 'n', 'ول', 'a', 'la']
  35854 | -0.0527 |  -0.2467 |   1.34e-03 | ['ließlich', '▁எல்லாம்', 'á', '葯', 'heureusement']
        |         |          |            | Bottom: ['\n\n', '▁Kelas', 'x', '.', 'برا']
 260896 | -0.0526 |  -0.2464 |   4.03e-06 | ['जिटिव', '▁نیست', 'レンズ', 'ંટણી', 'marshalO']
        |         |          |            | Bottom: ['’', '▁fully', '▁conquest', "'", '▁plus']
 228581 | -0.0526 |  -0.2462 |   8.46e-06 | ['▁fundamento', '▁piezoelectric', '▁vibrational', '▁arenas', '▁suminist']
        |         |          |            | Bottom: ['璘', 'of', 'x', '什么', 'し']
 108812 | -0.0525 |  -0.2457 |   4.10e-07 | ['▁ประกอบ', '▁两', 'ठभे', 'एएस', '一段']
        |         |          |            | Bottom: ['y', '▁and', 'bell', '▁di', 'ka']
  69088 | -0.0524 |  -0.2453 |   6.22e-06 | ['ل', 'ζ', '▁for', '𝓂', '▁फॉर']
        |         |          |            | Bottom: ['{', 'ON', 'EN', '.', '\\']
  15014 | -0.0522 |  -0.2447 |   9.00e-07 | ['ก', 'u', 'ica', 'กำ', '▁होऊ']
        |         |          |            | Bottom: ['▁radios', 'د', '▁aur', '▁drones', '▁милли']
  26141 | -0.0521 |  -0.2440 |   1.83e-06 | ['▁Tropical', 'εται', '取り', 'θο', '▁YOLO']
        |         |          |            | Bottom: ['cza', 'head', 'सिया', 'assung', 'IN']
 231831 | -0.0520 |  -0.2435 |   1.53e-05 | ['▁sesión', 'raš', 'ICIO', 'sembles', 'деш']
        |         |          |            | Bottom: ['▁end', '▁It', '▁Block', '▁V', '▁Not']
  83737 | -0.0520 |  -0.2433 |   1.67e-05 | ['कांना', 'asshi', '▁विद्यार्थ्यांना', 'acchati', 'お願い致します']
        |         |          |            | Bottom: ['▁in', '▁K', '▁Hand', '▁I', '▁في']
  38708 | -0.0518 |  -0.2425 |   3.24e-06 | ['Ketika', 'सोशल', 'Như', '槨', '▁########.']
        |         |          |            | Bottom: ['▁جهاز', 'quard', 'υσ', 'ласти', '▁rhythmic']
 109550 | -0.0518 |  -0.2424 |   3.40e-07 | ['▁Pandas', '▁*}\\', '<unused2>', '▁බොහෝ', 'FD']
        |         |          |            | Bottom: ['рою', 'src', 't', 'рав', 'riven']
 100038 | -0.0515 |  -0.2412 |   1.44e-05 | ['ar', '▁|', '下拉', '▁выбрали', 'showerror']
        |         |          |            | Bottom: ['▁ACLU', 'asyarakat', '▁authorizations', '▁attorney', '▁authorized']
  12190 | -0.0512 |  -0.2399 |   2.36e-06 | ['▁Romantic', '▁गर्ल', '▁romant', '▁romantic', '▁Restaurant']
        |         |          |            | Bottom: ['ين', 'ف', '<0x80>', 'as', 'ج']
 230663 | -0.0510 |  -0.2389 |   1.47e-05 | ['ंसह', '४', 'त', 'Wifi', '健康']
        |         |          |            | Bottom: ['▁blockchains', '▁pouches', '▁cartridges', '▁gaskets', '▁membranes']
 158223 | -0.0509 |  -0.2382 |   6.70e-07 | ['1', '▁लीजिएगा', '▁’', '▁ლი', '姬']
        |         |          |            | Bottom: ['அத', '▁expts', '▁Estimation', '▁ভুল', 'Estimation']
 238946 | -0.0508 |  -0.2380 |   4.50e-07 | ['▁হুগলীর', '▁opposites', 's', '▁asignatura', 'gge']
        |         |          |            | Bottom: ['팅', 'تاج', '▁hire', '▁}_{', '카오']
  99688 | -0.0507 |  -0.2376 |   2.00e-08 | ['▁inconsistencies', '▁usd', '▁asso', 'رج', ':']
        |         |          |            | Bottom: ['▁weren', 'ET', '▁supposing', '▁proximate', 'ēn']
  73021 | -0.0504 |  -0.2359 |   6.70e-06 | ['েন', '▁enumer', '▁увагу', '▁considerazione', '▁présence']
        |         |          |            | Bottom: ['M', 'THE', 'the', 'C', '।']
 237670 | -0.0502 |  -0.2350 |   2.35e-03 | ['טת', 'Tecla', '▁ongles', '۔', 'ğer']
        |         |          |            | Bottom: ['▁livestream', '▁news', '克', '▁pensions', '▁parks']
 146091 | -0.0500 |  -0.2343 |   3.50e-07 | ['<0x0D>', 'צות', '；', 'Τα', 'பிர']
        |         |          |            | Bottom: ['lap', '͚', '▁hadn', 'la', '在']
 113012 | -0.0500 |  -0.2342 |   2.89e-06 | ['ა', '▁enclave', 'ת', 'ির', 'นาม']
        |         |          |            | Bottom: ['cm', '▁', '5', '0', '2']
  76353 | -0.0498 |  -0.2331 |   1.12e-05 | ['ת', 'ре', 'ли', 'לי', 'ро']
        |         |          |            | Bottom: ['▁adhipp', '▁inactivació', '▁tasmim', '▁asalamualaikum', '▁intran']
 215377 | -0.0498 |  -0.2330 |   1.09e-05 | [':', 'y', 'ڦ', '-', 'ры']
        |         |          |            | Bottom: ['▁to', '▁on', '▁बढ़ते', '▁बढ़ती', 'disamb']
 143326 | -0.0497 |  -0.2326 |   1.59e-06 | ['▁ওয়াস', '<unused729>', '▁стаўкі', '▁网', 'jó']
        |         |          |            | Bottom: ['嵃', '▁milling', 'น', 'ваны', '可能な']
  80593 | -0.0496 |  -0.2324 |   9.14e-06 | ['ли', '،', 'و', 'ка', 'ك']
        |         |          |            | Bottom: ['▁a', 't', 'a', 'l', 'et']

Neuronpedia URLs for top 5 suppressed features:
  Feature 205908: https://neuronpedia.org/gemma-scope-2/27b-it/resid_post-layer_20-width_262k-l0_small/205908
  Feature 186802: https://neuronpedia.org/gemma-scope-2/27b-it/resid_post-layer_20-width_262k-l0_small/186802
  Feature 222113: https://neuronpedia.org/gemma-scope-2/27b-it/resid_post-layer_20-width_262k-l0_small/222113
  Feature 91398: https://neuronpedia.org/gemma-scope-2/27b-it/resid_post-layer_20-width_262k-l0_small/91398
  Feature 94325: https://neuronpedia.org/gemma-scope-2/27b-it/resid_post-layer_20-width_262k-l0_small/94325

 DISTRIBUTION STATISTICS:
  Mean cosine sim: -0.000279
  Std cosine sim: 0.013678
  Max cosine sim: 0.062479
  Min cosine sim: -0.063369
  Features > 0.1: 0
  Features < -0.1: 0

 LORA VECTOR STATISTICS:
  |lora_B|: 0.0183
  |lora_A|: 0.5791
  |effective_B| (scaled): 4.6824

Results saved to gemmascope/outputs/r1_lora_analysis/gemma3-27b-dpo-minimal-r1-L20_2026-01-15_18-10-31_layer20_262k_all.*
  -> Saved to gemmascope/outputs/r1_lora_analysis/gemma3-27b-dpo-minimal-r1-L20_2026-01-15_18-10-31_layer20_262k_all.*

=== Standard layer analysis (nearby layers) ===
  SAE: layer=16, width=16k, l0=medium (standard variant)
/workspace-vast/annas/git/believe-it-or-not/.venv/lib/python3.12/site-packages/transformers/utils/hub.py:110: FutureWarning: Using `TRANSFORMERS_CACHE` is deprecated and will be removed in v5 of Transformers. Use `HF_HOME` instead.
  warnings.warn(
Loading LoRA weights...
  Found weights with prefix: base_model.model.model.language_model.layers.20.mlp.down_proj
  Loaded LoRA: layer=20, alpha=256, rank=1
  lora_A shape: torch.Size([1, 21504])
  lora_B shape: torch.Size([5376, 1])

Loading Gemma Scope SAE...
Loading SAE from google/gemma-scope-2-27b-it/resid_post/layer_16_width_16k_l0_medium/params.safetensors
  SAE dimensions: d_model=5376, d_sae=16384
Loading example data from google/gemma-scope-2-27b-it/resid_post/layer_16_width_16k_l0_medium/examples.safetensors
Loading tokenizer from google/gemma-3-27b-it...

Analyzing LoRA-SAE alignment...
LoRA B shape: torch.Size([5376])
SAE decoder shape: torch.Size([5376, 16384])

================================================================================
LoRA Analysis Results
  Layer: 20, Target: down_proj
  Rank: 1, Alpha: 256
  Effective scale: 256.0
================================================================================

 TOP PROMOTED FEATURES (positive cosine similarity):
--------------------------------------------------------------------------------
    Idx |  Cosine |     Proj |       Freq | Top Tokens / Bottom Tokens
--------------------------------------------------------------------------------
   9177 |  0.0579 |   0.2711 |   1.18e-02 | ['\n\n', '’', "'", '؛', '\n']
        |         |          |            | Bottom: ['ಗಳನ್ನು', 'å', 'ری', '▁are', '니']
   4942 |  0.0556 |   0.2602 |   2.29e-02 | ['\n\n', 'un', '▁The', '\n\n\n', '▁ovvero']
        |         |          |            | Bottom: ['t', '▁t', '▁ت', '▁亠', '▁अन्य']
   2958 |  0.0542 |   0.2537 |   2.86e-03 | ['▁songs', '▁music', '▁songwriting', '▁song', '▁songwriter']
        |         |          |            | Bottom: ['௦', '▁Оюн', '𐰢', 'umbuhan', '▁технологи']
   9775 |  0.0507 |   0.2372 |   1.91e-04 | ['いっぱい', '▁Конгрегация', 'سال', '▁중', '▁हत्याकांड']
        |         |          |            | Bottom: ['\n', 'ле', 'ل', '\n\n', 'and']
  12644 |  0.0491 |   0.2297 |   2.55e-04 | ['▁per', '1', 'Per', '0', 'OP']
        |         |          |            | Bottom: ['\n', 'ان', 'ات', 'اه', 'л']
   1357 |  0.0469 |   0.2198 |   2.61e-03 | ['0', '1', '▁of', 'ן', 'are']
        |         |          |            | Bottom: ['▁není', 'z', 'ко', '▁angene', 'ي']
   3514 |  0.0466 |   0.2182 |   1.17e-02 | ['▁C', '▁N', '▁PCBs', '▁only', '▁is']
        |         |          |            | Bottom: ['ت', '<unused2019>', '▁ตาม', 'í', 'er']
  15041 |  0.0463 |   0.2166 |   7.90e-07 | ['larni', '▁kupu', 'oshape', 'ังหวัด', 'ستگی']
        |         |          |            | Bottom: ['DE', 'ver', "}')", 'EN', 'AM']
   4269 |  0.0459 |   0.2151 |   7.49e-03 | ['▁novels', '▁novelists', '▁romanzo', '▁Novels', '▁উপন্যাস']
        |         |          |            | Bottom: ['ley', 'rée', '▁disrespectful', '€™', 'ries']
  10015 |  0.0459 |   0.2150 |   6.93e-04 | ['",', 'i', 'ي', "',", '▁at']
        |         |          |            | Bottom: ['▁तरीका', '▁logika', '▁ejemplos', '▁ciertas', '▁quelles']
   2588 |  0.0448 |   0.2096 |   7.65e-04 | ['h', 'uje', 'غير', 'ings', '_']
        |         |          |            | Bottom: ['▁NodeType', '▁detn', '▁plotting', '▁amel', '▁例えば']
   5272 |  0.0440 |   0.2061 |   5.35e-04 | ['▁carat', '▁Several', '▁isopropyl', 'sinx', '▁oncologist']
        |         |          |            | Bottom: ['/', 'DepartTime', 'Innen', 'nicht', 'chool']
     27 |  0.0437 |   0.2046 |   1.20e-07 | ['지는', '▁signaler', 'complex', '▁senhores', 'rekt']
        |         |          |            | Bottom: ['▁mounted', '▁Nokia', '▁Holliday', 'ست', '▁slotted']
   7995 |  0.0436 |   0.2041 |   3.54e-04 | ['ي', '▁e', '▁di', '▁an', '▁della']
        |         |          |            | Bottom: ['ن', 'Ι', 'quela', 'וני', 'גל']
   3313 |  0.0435 |   0.2035 |   8.78e-04 | [',', 'at', '،', '▁isang', '▁esimerkiksi']
        |         |          |            | Bottom: ['ляр', 'нів', 'нус', 'рон', 'ită']
  14847 |  0.0430 |   0.2013 |   1.06e-03 | ['▁mice', 'mice', '▁rats', 'mouse', '▁chuột']
        |         |          |            | Bottom: ['ABA', 'ارد', 'amanho', '𝙖', 'amasını']
   7416 |  0.0427 |   0.2000 |   5.06e-04 | ['▁mass', '▁Mass', '▁Massive', 'f', '▁MASS']
        |         |          |            | Bottom: ['ک', 'ем', 'ל', '▁۳', 'л']
  13478 |  0.0426 |   0.1995 |   7.00e-08 | ['t', '’', 'ANG', 'a', '▁OPEC']
        |         |          |            | Bottom: ['مس', '是通过', 'ని', 'ни', 'نه']
  11743 |  0.0422 |   0.1974 |   6.84e-05 | ['▁awk', 'translateX', 'SAFER', 'getBlock', '▁tiges']
        |         |          |            | Bottom: ['レストラン', '▁dining', '▁แต่', '▁ngunit', '▁также']
   9121 |  0.0419 |   0.1962 |   6.42e-03 | ['c', 'ts', 'ayah', 'datos', 'nger']
        |         |          |            | Bottom: ['▁የተለያዩ', 'ών', '▁모습을', '▁ప్రశ్న', '▁Перейти']
    141 |  0.0415 |   0.1945 |   1.60e-07 | ['야', 'нки', 'ет', '▁ráp', '▁বিনিময়']
        |         |          |            | Bottom: ['ar', 'lles', 'ul', 'atán', 'spir']
   1990 |  0.0414 |   0.1940 |   1.65e-03 | ['an', '▁an', 'a', 'e', 'া']
        |         |          |            | Bottom: ['此', 'ल', '大脑', '▁I', 'nél']
  11798 |  0.0414 |   0.1937 |   1.20e-06 | ['n', 'W', 'ጄ', 'Описание', 'Anonymous']
        |         |          |            | Bottom: ['▁perencanaan', 'िर', 'erkraut', 'जोरी', 'oelectronic']
   5102 |  0.0413 |   0.1936 |   9.50e-03 | ['▁আদৌ', '？', 'ందా', '...?', '՞']
        |         |          |            | Bottom: ['▁вони', '!]', '▁тях', '!)', '▁vari']
   1716 |  0.0408 |   0.1910 |   4.30e-03 | ['</h2>', '▁(', '▁a', '▁an', '<0x0D>']
        |         |          |            | Bottom: ['ل', 'ում', 'ಗಳನ್ನು', 'Aslamualaikum', 'ing']
   9090 |  0.0406 |   0.1900 |   1.49e-03 | ['▁to', '▁crushing', '▁smo', '▁curling', '▁كلكم']
        |         |          |            | Bottom: ['etapkan', '▁භාවිතා', 'ەتی', 'ⅾ', "'$,"]
  12874 |  0.0406 |   0.1900 |   6.83e-04 | ['t', 'ر', 'take', 'tif', '▁a']
        |         |          |            | Bottom: ['на', 'annya', '৬', 'ны', 'ında']
  11347 |  0.0406 |   0.1899 |   6.58e-04 | ['uted', 'ο', 'ς', '、', 'ία']
        |         |          |            | Bottom: ['"。', '▁C', '▁قبل', '▁然後', '之时']
  14125 |  0.0403 |   0.1889 |   4.11e-03 | ['▁lichaam', 'ंच्या', '▁máquinas', '▁méth', 'enje']
        |         |          |            | Bottom: ['Related', '▁Olympics', '0', '.”', 'Veget']
   5430 |  0.0402 |   0.1883 |   4.03e-03 | ['▁Operate', '▁WUE', '▁СССР', '▁onDelete', '▁Jiangsu']
        |         |          |            | Bottom: ['forschung', '<unused1917>', '<unused683>', '<unused995>', '<unused514>']

Neuronpedia URLs for top 5 promoted features:
  Feature 9177: https://neuronpedia.org/gemma-scope-2/27b-it/resid_post-layer_16-width_16k-l0_medium/9177
  Feature 4942: https://neuronpedia.org/gemma-scope-2/27b-it/resid_post-layer_16-width_16k-l0_medium/4942
  Feature 2958: https://neuronpedia.org/gemma-scope-2/27b-it/resid_post-layer_16-width_16k-l0_medium/2958
  Feature 9775: https://neuronpedia.org/gemma-scope-2/27b-it/resid_post-layer_16-width_16k-l0_medium/9775
  Feature 12644: https://neuronpedia.org/gemma-scope-2/27b-it/resid_post-layer_16-width_16k-l0_medium/12644

 TOP SUPPRESSED FEATURES (negative cosine similarity):
--------------------------------------------------------------------------------
    Idx |  Cosine |     Proj |       Freq | Top Tokens / Bottom Tokens
--------------------------------------------------------------------------------
   4996 | -0.0541 |  -0.2531 |   3.81e-04 | ['İ', 'י', '의', 'PER', '.']
        |         |          |            | Bottom: ['<h3>', 'ς', '▁choisi', '▁MyHomePage', 'ensatz']
   8813 | -0.0512 |  -0.2397 |   3.44e-04 | ['y', 'en', 'o', 'in', 'e']
        |         |          |            | Bottom: ['п', 'ρά', 'ти', 'ೀ', 'ведения']
   5608 | -0.0493 |  -0.2309 |   3.83e-04 | ['▁an', '<0x93>', '<0x94>', '<0x9B>', '<0xA9>']
        |         |          |            | Bottom: ['-', "'", '▁ferrugineux', '.', '▁graus']
   3416 | -0.0477 |  -0.2233 |   1.04e-02 | [',', 'an', "'", 'RE', '’']
        |         |          |            | Bottom: ['ن', 'س', 'n', 'ע', 'را']
   6121 | -0.0465 |  -0.2177 |   6.67e-03 | ['▁כ', '▁hospitals', '▁metals', 'Ι', '▁הא']
        |         |          |            | Bottom: ['▁riguardo', '-', 'について', '▁jednog', '、']
  15878 | -0.0464 |  -0.2171 |   3.28e-03 | ['▁to', 'ม', 'G', 'P', 'H']
        |         |          |            | Bottom: ['あ', 'ebilir', 'お届け', '安徽', 'iamo']
   7157 | -0.0457 |  -0.2140 |   3.37e-03 | ['▁shelves', '▁bookshelves', '▁shelf', '▁shelved', '▁caja']
        |         |          |            | Bottom: ['▁(', '(', 'ly', 'An', 't']
  12744 | -0.0446 |  -0.2088 |   6.80e-07 | ['l', '▁Revolutionary', '.', 'an', '▁Year']
        |         |          |            | Bottom: ['▁aliqua', 'nvim', '▁avions', '𝔂', '▁luch']
   5542 | -0.0441 |  -0.2066 |   2.60e-03 | ['l', 'UN', '๙', 'omen', 'حة']
        |         |          |            | Bottom: ['▁vineyards', '▁უფრო', '▁esche', '▁gorges', '));']
  12493 | -0.0441 |  -0.2065 |   5.25e-04 | ['▁renfer', 'З', '▁utilizz', '▁لیګ', '▁ഇതി']
        |         |          |            | Bottom: ['را', 'c', 'و', 'то', '서']
   6776 | -0.0438 |  -0.2052 |   1.09e-03 | [')', '!', 'ემის', 'cknowled', '▁bellow']
        |         |          |            | Bottom: ['positroid', '▁Eintritt', 'agamanam', '▁расстоянии', '在']
  16290 | -0.0434 |  -0.2030 |   1.00e-06 | ['pyplot', '▁androidx', '▁réunion', 'liest', 'sels']
        |         |          |            | Bottom: ['▁a', 'Earth', '▁Н', 'ناوی', 'Equation']
  12614 | -0.0431 |  -0.2019 |   1.44e-04 | ['▁to', '▁Middle', '▁middle', 'to', 'ون']
        |         |          |            | Bottom: ['▁are', 'u', '▁êtes', 'r', 'AN']
  10000 | -0.0430 |  -0.2015 |   5.77e-06 | ['▁lisää', 'ين', '▁müssen', 'تون', 'ال']
        |         |          |            | Bottom: ['▁orchards', '▁trials', '▁dict', '▁cells', '▁loci']
  13769 | -0.0426 |  -0.1995 |   9.09e-05 | ['莨', 'ியாக', 'ње', 'ون', 'вам']
        |         |          |            | Bottom: ['3', '▁pursuant', 'kt', 'ursday', '2']
   3202 | -0.0422 |  -0.1977 |   1.75e-03 | ['itarian', '▁rushing', '▁yelling', '▁sonra', '▁sobald']
        |         |          |            | Bottom: ['N', 'Uh', 'Weeks', 'وء', 'вате']
   1963 | -0.0418 |  -0.1955 |   7.44e-03 | ['▁О', 'ы', '▁Часто', '▁a', '▁criteri']
        |         |          |            | Bottom: ['is', 'an', 'ע', 'ur', 'H']
  12357 | -0.0416 |  -0.1949 |   8.26e-03 | ['▁നിങ്ങളുടെ', '▁onları', 'あなたが', '▁помогут', '▁אתה']
        |         |          |            | Bottom: ['▁', '▁a', '▁assessment', '▁analysis', '▁porch']
  16097 | -0.0410 |  -0.1922 |   3.49e-06 | ['▁Service', 'A', 'I', '▁SERVICE', '▁et']
        |         |          |            | Bottom: ['FromFile', '▁τρόπο', 'ucer', 'über', 'ynchron']
  15734 | -0.0404 |  -0.1891 |   9.25e-05 | ['▁undertakings', '▁adventure', 'Adventure', 'dale', 'din']
        |         |          |            | Bottom: ['ين', '기', 'ం', 'ین', 'с']
    213 | -0.0403 |  -0.1888 |   1.15e-06 | ['两', '㑒', 'ш', 'যত', 'ת']
        |         |          |            | Bottom: ['芏', '▁حسين', '▁depolar', '▁crucifix', 'beitet']
  14863 | -0.0402 |  -0.1884 |   3.73e-04 | ['</h2>', '</b>', '<0x0D>', '▁Portfolio', '</h1>']
        |         |          |            | Bottom: ['▁for', '▁and', '𝙜', 'ale', '0']
  14120 | -0.0401 |  -0.1880 |   2.39e-04 | ['y', 'ه', 'c', '}`);', 'د']
        |         |          |            | Bottom: ['</h3>', 'of', '\n', '</h1>', '</strong>']
  12178 | -0.0401 |  -0.1877 |   1.01e-06 | ['鸬', '▁Сер', 'MktCap', 'ukh', 'кологи']
        |         |          |            | Bottom: ['is', 'Request', 'de', '▁estimated', 'e']
   3107 | -0.0400 |  -0.1875 |   1.67e-03 | ['▁grotesque', '▁improv', '▁impover', '▁jeopard', '▁estrut']
        |         |          |            | Bottom: ['de', 'nuclear', '▁Was', 'citations', 'dye']
  11299 | -0.0400 |  -0.1871 |   7.36e-03 | ['▁اچھی', '▁좋은', 'अच्छ', '良い', '▁hyvä']
        |         |          |            | Bottom: ['era', 'ini', 's', '’', '▁m']
  13648 | -0.0398 |  -0.1863 |   5.34e-04 | ['리', 'ва', 'ור', 'ру', '도']
        |         |          |            | Bottom: ['ت', 't', 's', '▁$', '▁on']
   6062 | -0.0395 |  -0.1851 |   2.38e-04 | ['ং', 'EX', 'マ', '𝑺', '▁یقینی']
        |         |          |            | Bottom: ['m', '▁de', '์', '它', 'ко']
   2659 | -0.0395 |  -0.1850 |   2.15e-03 | ['T', 'ше', '▁and', 'a', 'MA']
        |         |          |            | Bottom: ['ائي', '।', 'ش', '▁اصلي', 'ي']
   5100 | -0.0393 |  -0.1842 |   1.74e-03 | ['n', 'i', 'é', 'f', 'a']
        |         |          |            | Bottom: ['ים', 'ﺕ', '่า', '▁Володимир', 'т']

Neuronpedia URLs for top 5 suppressed features:
  Feature 4996: https://neuronpedia.org/gemma-scope-2/27b-it/resid_post-layer_16-width_16k-l0_medium/4996
  Feature 8813: https://neuronpedia.org/gemma-scope-2/27b-it/resid_post-layer_16-width_16k-l0_medium/8813
  Feature 5608: https://neuronpedia.org/gemma-scope-2/27b-it/resid_post-layer_16-width_16k-l0_medium/5608
  Feature 3416: https://neuronpedia.org/gemma-scope-2/27b-it/resid_post-layer_16-width_16k-l0_medium/3416
  Feature 6121: https://neuronpedia.org/gemma-scope-2/27b-it/resid_post-layer_16-width_16k-l0_medium/6121

 DISTRIBUTION STATISTICS:
  Mean cosine sim: 0.000502
  Std cosine sim: 0.013569
  Max cosine sim: 0.057904
  Min cosine sim: -0.054056
  Features > 0.1: 0
  Features < -0.1: 0

 LORA VECTOR STATISTICS:
  |lora_B|: 0.0183
  |lora_A|: 0.5791
  |effective_B| (scaled): 4.6824

Results saved to gemmascope/outputs/r1_lora_analysis/gemma3-27b-dpo-minimal-r1-L20_2026-01-15_18-10-31_layer16_16k_std.*
  -> Saved to gemmascope/outputs/r1_lora_analysis/gemma3-27b-dpo-minimal-r1-L20_2026-01-15_18-10-31_layer16_16k_std.*
  SAE: layer=16, width=65k, l0=medium (standard variant)
/workspace-vast/annas/git/believe-it-or-not/.venv/lib/python3.12/site-packages/transformers/utils/hub.py:110: FutureWarning: Using `TRANSFORMERS_CACHE` is deprecated and will be removed in v5 of Transformers. Use `HF_HOME` instead.
  warnings.warn(
Loading LoRA weights...
  Found weights with prefix: base_model.model.model.language_model.layers.20.mlp.down_proj
  Loaded LoRA: layer=20, alpha=256, rank=1
  lora_A shape: torch.Size([1, 21504])
  lora_B shape: torch.Size([5376, 1])

Loading Gemma Scope SAE...
Loading SAE from google/gemma-scope-2-27b-it/resid_post/layer_16_width_65k_l0_medium/params.safetensors
  SAE dimensions: d_model=5376, d_sae=65536
Loading example data from google/gemma-scope-2-27b-it/resid_post/layer_16_width_65k_l0_medium/examples.safetensors
Loading tokenizer from google/gemma-3-27b-it...

Analyzing LoRA-SAE alignment...
LoRA B shape: torch.Size([5376])
SAE decoder shape: torch.Size([5376, 65536])

================================================================================
LoRA Analysis Results
  Layer: 20, Target: down_proj
  Rank: 1, Alpha: 256
  Effective scale: 256.0
================================================================================

 TOP PROMOTED FEATURES (positive cosine similarity):
--------------------------------------------------------------------------------
    Idx |  Cosine |     Proj |       Freq | Top Tokens / Bottom Tokens
--------------------------------------------------------------------------------
   8452 |  0.0625 |   0.2925 |   4.18e-03 | ['’', '\n\n', 'un', 'とはいえ', '؛']
        |         |          |            | Bottom: ['å', 'л', 'fläche', '<unused1759>', '▁دولة']
  41699 |  0.0547 |   0.2560 |   1.03e-05 | ['F', 'ر', '는', ':', 'SP']
        |         |          |            | Bottom: ['ul', '▁իր', '▁είναι', '▁є', '▁от']
  52782 |  0.0538 |   0.2519 |   4.77e-06 | ['l', 'larda', 'lk', '▁discs', 'd']
        |         |          |            | Bottom: ['inée', '▁contiennent', '▁لیں', '▁États', '▁shrewd']
  42446 |  0.0517 |   0.2419 |   1.05e-05 | ['studies', 'acts', 's', 'particles', 'Acts']
        |         |          |            | Bottom: ['▁tathapi', '▁sebelah', '▁初始化', '▁LPTMR', '▁cím']
  49200 |  0.0512 |   0.2399 |   4.04e-03 | ['▁I', '▁was', 'In', 'IN', 'ą']
        |         |          |            | Bottom: ['𝗬', '▁дево', '▁ridiculous', '▁৩১', '▁pptn']
  20128 |  0.0511 |   0.2395 |   3.80e-05 | ['м', '▁of', '▁Shock', '_', 'к']
        |         |          |            | Bottom: ['وک', 'imą', 'af', '는', 'ides']
  37803 |  0.0508 |   0.2378 |   5.40e-06 | ['▁or', '▁color', 'obs', 'রাও', 'bered']
        |         |          |            | Bottom: ['я', 'ை', 'ة', 'лася', 'ă']
  50350 |  0.0507 |   0.2373 |   3.24e-06 | ['▁روپے', '▁नमक', 'ción', 'ció', '▁cible']
        |         |          |            | Bottom: ['▁synthet', '▁Martina', 'يت', '▁synth', '▁Panasonic']
  26740 |  0.0502 |   0.2353 |   2.06e-05 | ['Inter', 'Inventory', 'D', 'Health', 'Effective']
        |         |          |            | Bottom: ['ला', 'ک', '▁لیکن', '<0xA1>', '▁ligand']
  35967 |  0.0495 |   0.2320 |   1.60e-05 | ['ᱶ', '▁complejidad', 'ᠩ', 'ﺜ', 'т']
        |         |          |            | Bottom: ['na', 'น', '▁;', '▁einer', '▁Coin']
  52047 |  0.0495 |   0.2316 |   9.30e-07 | ['zące', 'ڈیا', 'erte', 'żenie', 'żenia']
        |         |          |            | Bottom: ['s', '▁Cord', '▁Wasn', '▁Really', '▁Corv']
  38844 |  0.0488 |   0.2283 |   7.74e-06 | ['an', 'et', 'athe', '▁owned', 'anse']
        |         |          |            | Bottom: ['▁сентября', 'ל', 'Э', '𝘼', 'ل']
   7992 |  0.0483 |   0.2263 |   8.76e-04 | ['ت', '▁shaking', '▁shakes', '▁Sway', '▁swayed']
        |         |          |            | Bottom: ['ud', 'in', 'int', 'ad', 'ined']
  51664 |  0.0482 |   0.2255 |   2.82e-04 | ['▁ป', '\uf0a1', 'Ĉ', '।', '▁সমাজে']
        |         |          |            | Bottom: ['на', 'os', 'agm', 'ani', '▁cũ']
  31382 |  0.0478 |   0.2238 |   3.93e-04 | [';', '▁runt', '▁sniping', '▁region', '▁gravit']
        |         |          |            | Bottom: ['ва', '𝚗', 'time', 'bours', 'fin']
  24073 |  0.0476 |   0.2228 |   1.08e-05 | ['지', '▁at', '▁be', '質の', '▁an']
        |         |          |            | Bottom: ['I', '▁(', '▁I', '.”', 'S']
  12719 |  0.0474 |   0.2221 |   8.75e-05 | ['▁was', '▁the', '▁CEO', '▁in', 'anın']
        |         |          |            | Bottom: ['م', '7', 'تر', '▁různ', 'ز']
  64499 |  0.0471 |   0.2207 |   1.15e-04 | ['et', 'on', 'ana', 'ан', 'm']
        |         |          |            | Bottom: ['rumah', '▁medal', '▁]', '!}', '▁lokasi']
  32988 |  0.0470 |   0.2199 |   2.47e-05 | ['列車', '轵', 'گیری', '▁to', 'were']
        |         |          |            | Bottom: ['▁ensure', 'otiv', '▁envisage', 'ផ្ត', '▁உங்க']
   9992 |  0.0468 |   0.2191 |   5.00e-07 | ['registro', 'ר', 'u', '▁by', 'UN']
        |         |          |            | Bottom: ['FlowNode', '▁桌', 'FlashValue', '<0xA0>', '▁desktops']
  37643 |  0.0467 |   0.2188 |   2.78e-05 | ['ي', 'm', 'amı', 'i', '▁scris']
        |         |          |            | Bottom: ['▁добавлен', '▁новый', '▁дані', 'ඩ්', '▁אחת']
   3803 |  0.0465 |   0.2176 |   1.60e-02 | ['▁', '▁Перейти', '▁€', '▁Invisalign', '▁С']
        |         |          |            | Bottom: ['ل', 'ون', 'and', 'ين', 'ной']
  50125 |  0.0463 |   0.2166 |   1.50e-05 | ['gas', '▁gases', '▁t', '▁التي', '▁sucked']
        |         |          |            | Bottom: ['الأ', 'الإ', 'Об', '\n\n', 'Ал']
  36344 |  0.0459 |   0.2151 |   1.36e-05 | ['t', "▁'", '▁*', 'től', 'ت']
        |         |          |            | Bottom: ['のス', '𝒉', 'ap', 'ﻨ', 'ul']
  18405 |  0.0458 |   0.2146 |   4.82e-05 | ['i', 'o', 'ing', 'ї', '।']
        |         |          |            | Bottom: ['▁ອ', '▁ಕ', '▁ރ', 'culas', '▁ބ']
   2211 |  0.0457 |   0.2141 |   2.77e-02 | ['▁alebo', '드의', '\n', '▁digamos', 'eseorang']
        |         |          |            | Bottom: ['t', '▁of', '▁to', 'í', '▁आहे']
  12115 |  0.0457 |   0.2140 |   9.87e-05 | ['Setelah', '"', 'this', '虽然', 'Even']
        |         |          |            | Bottom: ['ግሎ', '}=', '▁usr', '▁활동', '▁범']
  38805 |  0.0457 |   0.2140 |   2.66e-04 | ['sı', 'ী', 'తో', 'k', '</sub>']
        |         |          |            | Bottom: ['iv', 'an', '\n\n', '▁an', 'ao']
  15535 |  0.0457 |   0.2140 |   1.21e-04 | ['Iceland', '▁Iceland', '▁Icelandic', '▁Reykjavik', '▁आइसलैंड']
        |         |          |            | Bottom: ['é', 'et', '",', 'us', '▁contactless']
  54119 |  0.0457 |   0.2140 |   1.69e-05 | ['ס', 'ur', '로', 'ו', 'ม']
        |         |          |            | Bottom: ['Warehouse', '▁తెలు', '▁المدينة', 'Voltage', '▁Image']

Neuronpedia URLs for top 5 promoted features:
  Feature 8452: https://neuronpedia.org/gemma-scope-2/27b-it/resid_post-layer_16-width_65k-l0_medium/8452
  Feature 41699: https://neuronpedia.org/gemma-scope-2/27b-it/resid_post-layer_16-width_65k-l0_medium/41699
  Feature 52782: https://neuronpedia.org/gemma-scope-2/27b-it/resid_post-layer_16-width_65k-l0_medium/52782
  Feature 42446: https://neuronpedia.org/gemma-scope-2/27b-it/resid_post-layer_16-width_65k-l0_medium/42446
  Feature 49200: https://neuronpedia.org/gemma-scope-2/27b-it/resid_post-layer_16-width_65k-l0_medium/49200

 TOP SUPPRESSED FEATURES (negative cosine similarity):
--------------------------------------------------------------------------------
    Idx |  Cosine |     Proj |       Freq | Top Tokens / Bottom Tokens
--------------------------------------------------------------------------------
  62444 | -0.0539 |  -0.2522 |   1.79e-06 | ['▁fug', '\\}=', 'กรรม', '▁номера', '\uf07d']
        |         |          |            | Bottom: ['inama', 'tank', 'タンク', '▁Qué', '喜歡']
  17060 | -0.0521 |  -0.2441 |   1.10e-04 | ['▁Appreciation', 'פ', '▁appreciate', 'ר', 'ル']
        |         |          |            | Bottom: ['▁использовать', '▁necesitas', '▁شما', 'acheteur', '<0xAB>']
  22897 | -0.0519 |  -0.2430 |   2.41e-04 | ['ع', 'ش', 'Қ', '▁étudiants', '▁lorsqu']
        |         |          |            | Bottom: ['</b>', '▁=', '▁recordar', 'ICAN', "-']."]
  59244 | -0.0515 |  -0.2413 |   2.88e-03 | ['<unused137>', '▁amiable', '▁auteur', '▁absur', '▁ሶ']
        |         |          |            | Bottom: ['9', '’', '_{', '2', "'"]
  21445 | -0.0515 |  -0.2413 |   6.68e-05 | ['0', '▁of', '{', 'ة', '<']
        |         |          |            | Bottom: ['ی', 'ים', 's', 'ي', 'رین']
  38568 | -0.0511 |  -0.2393 |   8.69e-05 | ['▁Від', '▁Бі', '▁براي', 'ību', '▁μόνο']
        |         |          |            | Bottom: ['▁agate', 'ate', 'на', '▁recirculation', 'я']
  21781 | -0.0505 |  -0.2367 |   4.34e-05 | ['y', 'W', 'a', 'V', 'OS']
        |         |          |            | Bottom: ['かける', '▁parable', '开设', '▁오는', '▁മ']
  54410 | -0.0505 |  -0.2365 |   9.49e-05 | ['ă', '1', 'ب', '▁Rolle', 'ing']
        |         |          |            | Bottom: ['▁livelihoods', '▁Сасик', '的最', '<bos>', '都需要']
  49720 | -0.0505 |  -0.2363 |   3.34e-05 | ['خ', 'Enh', 'Ming', 'Xi', 'I']
        |         |          |            | Bottom: ['▁изображение', '▁puddle', '▁resalt', '▁постави', '▁посред']
  20926 | -0.0498 |  -0.2331 |   4.66e-05 | ['Ре', '▁asbestos', 'رس', 'bestos', '▁geçmiş']
        |         |          |            | Bottom: ['owa', 'ina', 'iss', 'als', 'ava']
  61780 | -0.0491 |  -0.2297 |   2.96e-05 | ['▁resentment', 'IoT', 'class', '▁إيران', '_,']
        |         |          |            | Bottom: ['te', 'ng', 'ек', 'ش', 'ди']
   9342 | -0.0490 |  -0.2297 |   2.40e-03 | ['マ', '▁মা', '\n\n\n', '▁como', '▁hvis']
        |         |          |            | Bottom: ['h', 'ನಲ್ಲಿ', 'ése', '▁sintering', 'வ்வேறு']
  17680 | -0.0490 |  -0.2296 |   1.65e-05 | ['л', 'ک', 'ने', 'یک', 'マ']
        |         |          |            | Bottom: ['▁de', '▁is', '▁dhe', '▁és', '▁und']
  25121 | -0.0490 |  -0.2293 |   6.01e-06 | ['lf', 'ä', 'ag', '▁IFSC', 'of']
        |         |          |            | Bottom: ['烏', '培養', 'ంచు', '来', '磁']
   4939 | -0.0484 |  -0.2264 |   4.77e-03 | ["'", ',', '’', '\n\n', 'RE']
        |         |          |            | Bottom: ['ن', 'س', 'n', 'ע', 'ח']
  32897 | -0.0482 |  -0.2255 |   9.50e-07 | ['ConfigureAwait', 'ről', '_{', 'ról', '▁shameful']
        |         |          |            | Bottom: ['▁छोटी', '▁Estoy', '▁стоит', '▁относи', '▁ईवी']
  49653 | -0.0481 |  -0.2253 |   9.58e-05 | ['▁in', '▁در', '在', 'もら', '▁σε']
        |         |          |            | Bottom: ['on', '。', '▁modalités', '▁História', '。”']
  64363 | -0.0478 |  -0.2237 |   6.75e-06 | ['й', 'ורי', '▁заказ', '▁२०२', '▁свето']
        |         |          |            | Bottom: ['()):', '▁fid', '▁trabal', 'ini', '▁ezt']
  37928 | -0.0476 |  -0.2227 |   7.57e-05 | ['ฮ', '▁ミ', '▁Россию', '▁ハ', '▁সৃষ্টি']
        |         |          |            | Bottom: ['<0x80>', 'ная', 'даря', 'Commissioner', '்துற']
   3461 | -0.0467 |  -0.2187 |   2.60e-07 | ['▁are', '▁toothbrush', 'ances', '▁întâ', '▁fumble']
        |         |          |            | Bottom: ['D', 'V', 'P', 'T', 'O']
   6778 | -0.0466 |  -0.2182 |   1.64e-03 | ['்கலை', '▁websites', '▁brochures', '▁статьи', 'owaną']
        |         |          |            | Bottom: ['و', 'ι', 'и', 'й', '▁paciente']
  25414 | -0.0462 |  -0.2165 |   1.17e-04 | ['oles', '▁not', 'olan', '))', 'omers']
        |         |          |            | Bottom: ['ни', '▁', 'с', 'ך', 'з']
   1769 | -0.0461 |  -0.2161 |   8.40e-07 | ['3', 'ovember', '▁exfoliating', '▁कार्', '▁delicacy']
        |         |          |            | Bottom: ['▁wurde', 'al', '▁بني', 'alow', 'عي']
  19071 | -0.0461 |  -0.2161 |   1.55e-05 | ['▁moss', 'moss', 'Moss', '▁Moss', '▁I']
        |         |          |            | Bottom: ['-', '▁', 'lo', 'j', 'u']
  10608 | -0.0461 |  -0.2157 |   3.30e-03 | ['uš', '▁ور', 'ad', 'şti', '}$.']
        |         |          |            | Bottom: ['がありますが', 'ありますが', '我都', '▁chairman', '▁buts']
  23058 | -0.0460 |  -0.2155 |   2.21e-04 | ['▁I', 'ون', 'at', 'ar', 'us']
        |         |          |            | Bottom: ['▁față', '▁for', 'D', 'G', 'doesn']
  34071 | -0.0458 |  -0.2145 |   3.25e-05 | ['ت', '▁від', '▁പ്രതിഷേധ', '碜', '▁всіх']
        |         |          |            | Bottom: ['u', '드', 'sl', 'su', 'sm']
  44927 | -0.0458 |  -0.2144 |   2.44e-06 | ['con', '<0x80>', '=\\', 'contain', '"),']
        |         |          |            | Bottom: ['▁columnalign', '▁pulverized', '▁pouze', 'irchen', '▁cytokines']
  29954 | -0.0458 |  -0.2144 |   1.89e-06 | ['ल', 'ри', 'ض', 'ور', '로']
        |         |          |            | Bottom: ['s', 'ların', 'that', 'с', 'س']
  56916 | -0.0457 |  -0.2141 |   5.20e-05 | ['一', '▁powied', 'Q', 'Senate', '▁Trung']
        |         |          |            | Bottom: ['ر', 'র', 'ર', 'in', 'েন']

Neuronpedia URLs for top 5 suppressed features:
  Feature 62444: https://neuronpedia.org/gemma-scope-2/27b-it/resid_post-layer_16-width_65k-l0_medium/62444
  Feature 17060: https://neuronpedia.org/gemma-scope-2/27b-it/resid_post-layer_16-width_65k-l0_medium/17060
  Feature 22897: https://neuronpedia.org/gemma-scope-2/27b-it/resid_post-layer_16-width_65k-l0_medium/22897
  Feature 59244: https://neuronpedia.org/gemma-scope-2/27b-it/resid_post-layer_16-width_65k-l0_medium/59244
  Feature 21445: https://neuronpedia.org/gemma-scope-2/27b-it/resid_post-layer_16-width_65k-l0_medium/21445

 DISTRIBUTION STATISTICS:
  Mean cosine sim: 0.000241
  Std cosine sim: 0.013602
  Max cosine sim: 0.062463
  Min cosine sim: -0.053860
  Features > 0.1: 0
  Features < -0.1: 0

 LORA VECTOR STATISTICS:
  |lora_B|: 0.0183
  |lora_A|: 0.5791
  |effective_B| (scaled): 4.6824

Results saved to gemmascope/outputs/r1_lora_analysis/gemma3-27b-dpo-minimal-r1-L20_2026-01-15_18-10-31_layer16_65k_std.*
  -> Saved to gemmascope/outputs/r1_lora_analysis/gemma3-27b-dpo-minimal-r1-L20_2026-01-15_18-10-31_layer16_65k_std.*
  SAE: layer=16, width=262k, l0=medium (standard variant)
/workspace-vast/annas/git/believe-it-or-not/.venv/lib/python3.12/site-packages/transformers/utils/hub.py:110: FutureWarning: Using `TRANSFORMERS_CACHE` is deprecated and will be removed in v5 of Transformers. Use `HF_HOME` instead.
  warnings.warn(
Loading LoRA weights...
  Found weights with prefix: base_model.model.model.language_model.layers.20.mlp.down_proj
  Loaded LoRA: layer=20, alpha=256, rank=1
  lora_A shape: torch.Size([1, 21504])
  lora_B shape: torch.Size([5376, 1])

Loading Gemma Scope SAE...
Loading SAE from google/gemma-scope-2-27b-it/resid_post/layer_16_width_262k_l0_medium/params.safetensors
  SAE dimensions: d_model=5376, d_sae=262144
Loading example data from google/gemma-scope-2-27b-it/resid_post/layer_16_width_262k_l0_medium/examples.safetensors
Loading tokenizer from google/gemma-3-27b-it...

Analyzing LoRA-SAE alignment...
LoRA B shape: torch.Size([5376])
SAE decoder shape: torch.Size([5376, 262144])

================================================================================
LoRA Analysis Results
  Layer: 20, Target: down_proj
  Rank: 1, Alpha: 256
  Effective scale: 256.0
================================================================================

 TOP PROMOTED FEATURES (positive cosine similarity):
--------------------------------------------------------------------------------
    Idx |  Cosine |     Proj |       Freq | Top Tokens / Bottom Tokens
--------------------------------------------------------------------------------
 150384 |  0.0611 |   0.2859 |   2.75e-06 | ['▁retrieved', '▁ഊ', '▁Każ', '뷌', '▁ഇൻ']
        |         |          |            | Bottom: ['ell', '6', '2', '5', '7']
 106329 |  0.0602 |   0.2821 |   3.80e-07 | ['iden', 'plane', 'ন্ট', 'idiendo', 'স']
        |         |          |            | Bottom: ['▁in', '▁vườn', '▁epitope', '▁endocr', '▁эш']
 189163 |  0.0600 |   0.2811 |   2.81e-04 | ['▁einem', 'čen', '▁beispielsweise', '▁書い', 'نه']
        |         |          |            | Bottom: ['6', 'ی', '۳', 'อื่นๆ', '4']
  62861 |  0.0598 |   0.2801 |   1.27e-06 | ['S', 'O', 'F', 'K', 'İ']
        |         |          |            | Bottom: ['ｎ', 'ास', 'нь', 'n', 'нис']
 161058 |  0.0593 |   0.2776 |   5.46e-06 | ['t', 'ت', 'd', 'k', 'tLogRow']
        |         |          |            | Bottom: ['ة', '▁L', 'ing', 'ή', 'ну']
 223297 |  0.0587 |   0.2747 |   2.86e-06 | ['s', 'س', 'с', 'ের', 'ی']
        |         |          |            | Bottom: ['>', ';', '[', '<', 'P']
  31363 |  0.0585 |   0.2738 |   3.31e-05 | ['▁went', '▁explained', '▁as', '▁was', '▁epitome']
        |         |          |            | Bottom: ['לח', 'LOCK', 'Nickel', 'לים', 'Lock']
  13147 |  0.0583 |   0.2732 |   1.80e-04 | ['セント', 'лил', '▁бывает', '▁carácter', '▁જણાવ્યું']
        |         |          |            | Bottom: ['a', 'an', 'es', 'ad', '▁a']
 254966 |  0.0577 |   0.2704 |   4.10e-06 | ['ра', ')', 'ز', '、', 'к']
        |         |          |            | Bottom: ['ENING', '▁by', 'ASCADE', '𝗔', '▁女の子']
  74176 |  0.0564 |   0.2639 |   1.31e-05 | ['是', '는', 'は', '▁наз', '▁в']
        |         |          |            | Bottom: ['ur', 'وم', 'im', 'িন', 'ور']
  71664 |  0.0560 |   0.2622 |   6.60e-07 | ['<0x92>', 'ier', 'or', '▁har', 'ุก']
        |         |          |            | Bottom: ['▁entspre', '▁entsprechenden', '▁oberen', 'COPY', '伌']
   7027 |  0.0558 |   0.2612 |   8.53e-03 | ['▁Version', '▁Tomcat', '▁Supplies', '▁Tom', '▁Davies']
        |         |          |            | Bottom: ['ی', '在', 'ف', 'ق', '▁که']
  16412 |  0.0549 |   0.2569 |   4.76e-03 | ['5', '\n\n', '؛', '’', '4']
        |         |          |            | Bottom: ['å', 'ಗಳನ್ನು', '지', 'ವನ್ನು', '▁frontage']
 105347 |  0.0545 |   0.2551 |   1.74e-05 | ['1', 'ับ', '3', '▁Dengan', '▁']
        |         |          |            | Bottom: ['𝗴', 'კი', 'ভুক্ত', '𝒌', 'чее']
   2479 |  0.0544 |   0.2550 |   2.68e-03 | ['▁music', '音乐', '▁songwriting', '▁song', '▁songs']
        |         |          |            | Bottom: ['▁medži', '▁Gases', '▁হুগলী', '▁Viruses', '▁discouraging']
  46856 |  0.0543 |   0.2545 |   9.49e-06 | ['ור', '▁بی', 'кси', 'োভ', '⤒']
        |         |          |            | Bottom: ["'", '▁shameful', 'Sh', '▁problem', 'rime']
 198164 |  0.0543 |   0.2542 |   1.64e-06 | ["'", '’', '\n\n', '.', '▁a']
        |         |          |            | Bottom: ['ת', 'ه', '娛樂', '০১', '▁बेस्ट']
 236284 |  0.0535 |   0.2506 |   4.48e-06 | ['▁getWeather', 'inah', '▁등을', '▁mukaan', '▁lycée']
        |         |          |            | Bottom: ['ب', 'व', 'ق', 'ف', '$']
 256556 |  0.0533 |   0.2497 |   4.00e-07 | ['5', '9', '0', 'ों', '▁logins']
        |         |          |            | Bottom: ['ir', 'י', 'ي', 'os', 'ن']
 136341 |  0.0531 |   0.2486 |   2.61e-06 | ['▁condomin', '▁FOR', 'P', '▁adapt', '▁OPERATIONS']
        |         |          |            | Bottom: ['▁він', 'éc', 'asting', '▁कक्कड़', '▁Luther']
 212300 |  0.0530 |   0.2483 |   1.28e-06 | ['▁mention', 'ế', 'pt', '▁nhá', '▁gé']
        |         |          |            | Bottom: ['▁lipoproteins', '▁Corb', '▁Sistemi', '▁вершин', '⋘']
 235218 |  0.0518 |   0.2427 |   3.18e-06 | ['ס', '8', 'O', '\n\n', '0']
        |         |          |            | Bottom: ['),”', 'وات', 'ларды', 'selectbox', 'ماء']
  46125 |  0.0517 |   0.2423 |   1.88e-04 | ['▁with', 'Server', 'se', 'est', '.</']
        |         |          |            | Bottom: ['▁pptn', '▁tuvimos', 'ла', '▁haremos', '▁kısm']
  81865 |  0.0517 |   0.2423 |   8.30e-07 | ['such', '▁ljub', 'ாவின்', 'ων', 'herlands']
        |         |          |            | Bottom: ['不上', '▁과거', 'PRE', '▁эсте', '▁срока']
 144301 |  0.0514 |   0.2407 |   5.61e-04 | ['ní', '၊', 'Celltype', 'SQ', 'ión']
        |         |          |            | Bottom: ['ل', '▁ela', '▁algal', '▁at', '▁its']
  90212 |  0.0513 |   0.2403 |   5.40e-07 | ['ல', '▁THIS', '▁कामका', '▁ባህ', 'あなたが']
        |         |          |            | Bottom: ['an', 'osar', 'ه', 'া', 'to']
 163498 |  0.0513 |   0.2402 |   3.25e-06 | ['n', 'the', 'an', 'x', 'p']
        |         |          |            | Bottom: ['▁اہمیت', '▁égal', '▁결과', '▁ఆంధ్ర', '㧕']
 130765 |  0.0512 |   0.2399 |   1.47e-06 | ['t', 'ท', '▁ت', ';', '\n\n']
        |         |          |            | Bottom: ['функциона', '▁tecnologias', 'र्ती', 'ларга', 'ফুদ্দিন']
 259542 |  0.0510 |   0.2389 |   1.63e-06 | ['ところ', 'ocsát', 'πό', '▁کۆ', 'កំណត់']
        |         |          |            | Bottom: ['LLO', '▁licz', '鳞', 'ISTAN', '똘']
  15839 |  0.0505 |   0.2366 |   1.26e-06 | ['▁、', '，', '▁،', '水', '教']
        |         |          |            | Bottom: ['seller', '▁செய்யப்படும்', 'disconnect', '▁prefque', 'ه\u200c']

Neuronpedia URLs for top 5 promoted features:
  Feature 150384: https://neuronpedia.org/gemma-scope-2/27b-it/resid_post-layer_16-width_262k-l0_medium/150384
  Feature 106329: https://neuronpedia.org/gemma-scope-2/27b-it/resid_post-layer_16-width_262k-l0_medium/106329
  Feature 189163: https://neuronpedia.org/gemma-scope-2/27b-it/resid_post-layer_16-width_262k-l0_medium/189163
  Feature 62861: https://neuronpedia.org/gemma-scope-2/27b-it/resid_post-layer_16-width_262k-l0_medium/62861
  Feature 161058: https://neuronpedia.org/gemma-scope-2/27b-it/resid_post-layer_16-width_262k-l0_medium/161058

 TOP SUPPRESSED FEATURES (negative cosine similarity):
--------------------------------------------------------------------------------
    Idx |  Cosine |     Proj |       Freq | Top Tokens / Bottom Tokens
--------------------------------------------------------------------------------
 205908 | -0.0642 |  -0.3006 |   1.61e-06 | ['▁instinctively', 'გენ', 'inputSet', '▁enigmatic', '▁apportion']
        |         |          |            | Bottom: ['须', '▁ди', '千', '需', '団']
 140679 | -0.0593 |  -0.2778 |   1.09e-05 | ['ンド', '▁Laos', '▁migliorare', '▁homens', '▁informe']
        |         |          |            | Bottom: ['ေ', 'ot', 'ᅪ', 'with', '২']
   2915 | -0.0584 |  -0.2735 |   2.26e-02 | ['▁lijst', '▁онлайн', '▁طريقة', '፦', '▁caratteristiche']
        |         |          |            | Bottom: ['an', '-', 'ar', 'er', 'h']
 195744 | -0.0576 |  -0.2696 |   1.13e-05 | ['w', 'p', 'im', '在', 'c']
        |         |          |            | Bottom: ['▁מר', '▁mapper', '▁provider', '▁charter', '▁버']
  40172 | -0.0568 |  -0.2658 |   2.94e-05 | ['▁కోసం', 'cheng', '▁rata', '▁Чтобы', 'U']
        |         |          |            | Bottom: ['▁kilomètres', '▁weekends', '▁Mountains', '▁licz', '▁zupeł']
 190065 | -0.0565 |  -0.2646 |   6.31e-05 | ['проце', 'чи', '▁કારણે', '▁процедуры', 'тино']
        |         |          |            | Bottom: ['▁ผม', '고', '▁Gute', '5', 'ൽ']
  16480 | -0.0564 |  -0.2641 |   1.95e-06 | ['▁इंग्र', 'ledes', '▁ची', '▁további', '▁همچنین']
        |         |          |            | Bottom: ['ח', 'د', 'ك', '\\', 'ть']
 123766 | -0.0559 |  -0.2616 |   1.17e-06 | ['）・', '<unused1090>', '▁optimise', 'ຈັດສົ່ງ', 'rive']
        |         |          |            | Bottom: ['▁was', '▁था', 'Page', '▁mark', '▁हिसाब']
 197071 | -0.0554 |  -0.2595 |   2.36e-06 | ['rik', 'cession', 'ton', 'ประ', 'กาย']
        |         |          |            | Bottom: ['▁nelle', '▁voluto', '려는', '▁Panchayat', 'lıkla']
 251208 | -0.0554 |  -0.2595 |   5.72e-05 | ['ك', 'ست', 'عمل', 'Quadrant', 'quele']
        |         |          |            | Bottom: ['！', '▁l', '。', '۔', '्स']
 129997 | -0.0551 |  -0.2578 |   1.07e-04 | ['▁переме', '▁cameos', 'ly', '▁Came', 'ð']
        |         |          |            | Bottom: ['▁cnpj', 'ار', 'ب', '它的', 'رحبا']
 222113 | -0.0549 |  -0.2573 |   6.10e-07 | ['▁unlaw', 'たら', 'ग्गा', '只要', '▁plots']
        |         |          |            | Bottom: ['z', 'zadeh', '▁Maple', '▁Meskipun', 'zigen']
  90292 | -0.0549 |  -0.2570 |   5.80e-06 | ['o', ':', 'e', 'i', 'in']
        |         |          |            | Bottom: ['้ำ', 'منا', 'тика', 'ጥነት', '▁వి']
  30878 | -0.0548 |  -0.2564 |   1.07e-05 | ['ll', '▁I', '▁O', '▁W', '▁J']
        |         |          |            | Bottom: ['ární', 'nél', 'krank', '▁تړ', 'ící']
 111525 | -0.0542 |  -0.2540 |   1.12e-04 | ['is', 'k', 'il', 'kowe', 'ни']
        |         |          |            | Bottom: ['▁it', 'し', 'R', 't', 'um']
   9339 | -0.0533 |  -0.2494 |   5.14e-03 | ["'", ';', '<0x0D>', ',', '’']
        |         |          |            | Bottom: ['س', 'ن', 'ע', 'c', 'n']
  60916 | -0.0533 |  -0.2494 |   3.65e-06 | ['▁Nadu', '▁misappropri', '▁réfléch', '▁lượng', '▁ένα']
        |         |          |            | Bottom: ['ா', '。', '，', 'м', '0']
 150956 | -0.0528 |  -0.2471 |   5.20e-06 | ['espół', 'اك', '▁значение', 'dR', 'lng']
        |         |          |            | Bottom: ['▁songwriters', '༦', '៖', 'robin', 'ྜ']
 179169 | -0.0527 |  -0.2468 |   7.58e-06 | ['of', '▁Plots', 'oy', '▁نقص', 'oyens']
        |         |          |            | Bottom: ['\n', '▁network', 'ar', '▁third', '▁campaign']
 117369 | -0.0525 |  -0.2456 |   6.70e-07 | ['1', '5', 'IO', '▁D', 'ene']
        |         |          |            | Bottom: ['นอก', '嬅', 'besiege', 'eers', 'isyon']
 199747 | -0.0524 |  -0.2455 |   9.44e-06 | ['깆', '▁această', '▁două', '▁scrollBody', '▁обеспечение']
        |         |          |            | Bottom: ['s', '.', '1', 't', 'س']
  48391 | -0.0518 |  -0.2426 |   2.40e-07 | ['温度', 'Media', 'Disk', 'id', 'om']
        |         |          |            | Bottom: ['ний', 'ﺖ', '▁ಮೀ', '이가', '▁ከዚያ']
 226651 | -0.0516 |  -0.2416 |   4.73e-06 | ['▁tän', 'นิ', '▁carn', '▁grayscale', 'äger']
        |         |          |            | Bottom: ['س', 'jena', 'りが', 'pw', 'getLong']
   6304 | -0.0515 |  -0.2413 |   1.60e-07 | ['p', 'Bike', 'тя', 'ﬀ', '✌']
        |         |          |            | Bottom: ['▁resorting', '▁сказать', '▁imprimir', '▁predict', '▁detect']
 158223 | -0.0510 |  -0.2390 |   1.98e-06 | ['1', '▁लीजिएगा', '１', '姬', '▁ლი']
        |         |          |            | Bottom: ['அத', '▁Estimation', '▁Relaxation', 'Estimation', '▁expts']
 173475 | -0.0509 |  -0.2385 |   1.12e-06 | ['▁belly', 'ပဲ', '}$-', '▁policía', '各种']
        |         |          |            | Bottom: ['드', '،', 'зму', '▁режисс', '▁пут']
  99688 | -0.0508 |  -0.2379 |   1.10e-06 | ['▁inconsistencies', '▁asso', '▁usd', ':', 'رج']
        |         |          |            | Bottom: ['▁weren', 'ET', 'IN', 'ēn', '▁proximate']
 160125 | -0.0507 |  -0.2374 |   6.38e-05 | ['ه', 'на', 'u', 'ла', 'k']
        |         |          |            | Bottom: ['▁', '\\', '▁a', '▁an', '\t\t']
 109550 | -0.0503 |  -0.2357 |   1.35e-05 | ['▁*}\\', '▁Pandas', '▁modify', '▁ظِلِّ', '▁amikor']
        |         |          |            | Bottom: ['src', 'riven', 'рою', 'driven', 'en']
  59749 | -0.0502 |  -0.2350 |   1.33e-05 | ['k', 't', 'sen', 'sn', 'x']
        |         |          |            | Bottom: ['(', '▁chronically', '▁domination', '는', '▁eluted']

Neuronpedia URLs for top 5 suppressed features:
  Feature 205908: https://neuronpedia.org/gemma-scope-2/27b-it/resid_post-layer_16-width_262k-l0_medium/205908
  Feature 140679: https://neuronpedia.org/gemma-scope-2/27b-it/resid_post-layer_16-width_262k-l0_medium/140679
  Feature 2915: https://neuronpedia.org/gemma-scope-2/27b-it/resid_post-layer_16-width_262k-l0_medium/2915
  Feature 195744: https://neuronpedia.org/gemma-scope-2/27b-it/resid_post-layer_16-width_262k-l0_medium/195744
  Feature 40172: https://neuronpedia.org/gemma-scope-2/27b-it/resid_post-layer_16-width_262k-l0_medium/40172

 DISTRIBUTION STATISTICS:
  Mean cosine sim: 0.000079
  Std cosine sim: 0.013641
  Max cosine sim: 0.061062
  Min cosine sim: -0.064187
  Features > 0.1: 0
  Features < -0.1: 0

 LORA VECTOR STATISTICS:
  |lora_B|: 0.0183
  |lora_A|: 0.5791
  |effective_B| (scaled): 4.6824

Results saved to gemmascope/outputs/r1_lora_analysis/gemma3-27b-dpo-minimal-r1-L20_2026-01-15_18-10-31_layer16_262k_std.*
  -> Saved to gemmascope/outputs/r1_lora_analysis/gemma3-27b-dpo-minimal-r1-L20_2026-01-15_18-10-31_layer16_262k_std.*
  SAE: layer=31, width=16k, l0=medium (standard variant)
/workspace-vast/annas/git/believe-it-or-not/.venv/lib/python3.12/site-packages/transformers/utils/hub.py:110: FutureWarning: Using `TRANSFORMERS_CACHE` is deprecated and will be removed in v5 of Transformers. Use `HF_HOME` instead.
  warnings.warn(
'(ReadTimeoutError("HTTPSConnectionPool(host='huggingface.co', port=443): Read timed out. (read timeout=10)"), '(Request ID: aa022cf5-44aa-4c09-b23d-5c5a1cff987f)')' thrown while requesting HEAD https://huggingface.co/google/gemma-3-27b-it/resolve/main/tokenizer_config.json
Retrying in 1s [Retry 1/5].
Loading LoRA weights...
  Found weights with prefix: base_model.model.model.language_model.layers.20.mlp.down_proj
  Loaded LoRA: layer=20, alpha=256, rank=1
  lora_A shape: torch.Size([1, 21504])
  lora_B shape: torch.Size([5376, 1])

Loading Gemma Scope SAE...
Loading SAE from google/gemma-scope-2-27b-it/resid_post/layer_31_width_16k_l0_medium/params.safetensors
  SAE dimensions: d_model=5376, d_sae=16384
Loading example data from google/gemma-scope-2-27b-it/resid_post/layer_31_width_16k_l0_medium/examples.safetensors
Loading tokenizer from google/gemma-3-27b-it...

Analyzing LoRA-SAE alignment...
LoRA B shape: torch.Size([5376])
SAE decoder shape: torch.Size([5376, 16384])

================================================================================
LoRA Analysis Results
  Layer: 20, Target: down_proj
  Rank: 1, Alpha: 256
  Effective scale: 256.0
================================================================================

 TOP PROMOTED FEATURES (positive cosine similarity):
--------------------------------------------------------------------------------
    Idx |  Cosine |     Proj |       Freq | Top Tokens / Bottom Tokens
--------------------------------------------------------------------------------
   2695 |  0.0493 |   0.2306 |   4.65e-06 | ['c', '$', 'DC', '2', 'r']
        |         |          |            | Bottom: ['▁tú', '▁ඔහුගේ', '▁daños', '▁campeonato', '▁aceptación']
   5802 |  0.0489 |   0.2289 |   8.28e-04 | ['▁political', 'political', '▁полити', '▁Political', '▁argues']
        |         |          |            | Bottom: ['▁ንጥረ', '▁தகவல்', 'ເຄື່ອງ', '▁Ultrasonic', '▁kullanımı']
   2457 |  0.0474 |   0.2220 |   8.01e-03 | ['▁unsuccessfully', '▁unsuccessful', '▁failed', '▁실패', '失败']
        |         |          |            | Bottom: ['▁assurent', 'shaped', '▁জিতে', '▁کھیلیں', 'уна']
   3444 |  0.0447 |   0.2092 |   7.10e-04 | ['▁Palestinian', '▁Palestinians', '▁Gaza', '▁فلسطینی', 'Palest']
        |         |          |            | Bottom: ['▁Dryer', '簋', '▁Dryden', '▁Whistler', '▁Soak']
  15041 |  0.0443 |   0.2074 |   3.99e-04 | ['▁kapasitas', '▁PCM', 'oshape', '容器', '▁congest']
        |         |          |            | Bottom: ['BAS', 'দর্শী', 'Basil', 'DE', "}')"]
   6833 |  0.0430 |   0.2014 |   4.00e-03 | ['จากการ', '▁результате', '▁akibat', '▁wyniku', '▁результатом']
        |         |          |            | Bottom: ['ﾙ', '▁zaji', '▁transmit', 'ेंस', '▁avail']
   8269 |  0.0428 |   0.2004 |   2.01e-04 | ['▁DIEGO', '▁Diego', '秵', '▁जता', '▁शरण']
        |         |          |            | Bottom: ['existent', 'ilinear', '▁restructured', 'bx', '▁Compressor']
  11108 |  0.0427 |   0.1997 |   1.08e-04 | ['uncertain', '▁unpredict', 'lips', '▁uncertainty', '▁unpredictable']
        |         |          |            | Bottom: ['▁bulund', '▁svm', '▁через', '▁servi', '▁подчер']
   4339 |  0.0426 |   0.1996 |   1.28e-02 | ['提到的', '▁குறிப்பிட்டு', '述', '似乎', 'mentioned']
        |         |          |            | Bottom: ['▁usually', 'मतौर', '▁عادة', '▁biasanya', '▁will']
   3692 |  0.0422 |   0.1974 |   1.62e-03 | ['▁referee', '▁referees', '▁Referee', 'Referee', '▁penalty']
        |         |          |            | Bottom: ['▁సంస్థ', '投資', '開發', '▁കമ്പ', '▁financeira']
  12808 |  0.0417 |   0.1953 |   9.50e-05 | ['ॉग', '▁saada', '▁goTo', '▁dictionary', '▁get']
        |         |          |            | Bottom: ['▁fluxes', '\n\n', 'ták', 'jsx', '([']
    668 |  0.0417 |   0.1950 |   1.04e-03 | ['사의', '刋', '5', '4', '이라는']
        |         |          |            | Bottom: ['builtin', '▁mengingat', '▁AGRICULTURE', '▁স্বয়ং', 'shape']
  15959 |  0.0416 |   0.1946 |   1.11e-03 | ['▁reportedly', '据悉', '据说', '▁Reuters', '▁якобы']
        |         |          |            | Bottom: ['▁always', '▁transformative', '▁alltid', '▁seamlessly', '▁synergies']
  11829 |  0.0415 |   0.1945 |   8.07e-05 | ['▁disinvestment', '▁hubby', '▁undesirable', '▁pernicious', '▁noxious']
        |         |          |            | Bottom: ['▁or', '▁hoặc', '▁oder', '▁அல்லது', 'Fraction']
   9911 |  0.0415 |   0.1943 |   4.60e-04 | ['Figure', '▁Concerning', 'Based', '̓', 'MI']
        |         |          |            | Bottom: ['▁पेटीएम', '▁Bamberg', '▁sakura', '▁harmonics', '▁লিখেছেন']
  12555 |  0.0413 |   0.1933 |   6.09e-04 | ['▁hereby', '▁shall', '▁forthwith', '▁henceforth', '▁herewith']
        |         |          |            | Bottom: ['▁litigation', '▁ఎక్కువ', '▁سامنا', '▁servizio', '▁litig']
  15735 |  0.0412 |   0.1928 |   3.08e-04 | ['▁титу', '▁resuming', '\uf0f2', '▁jukebox', 'ູນ']
        |         |          |            | Bottom: ['Attack', 'Over', '▁atacar', 'AND', '스로']
   9601 |  0.0409 |   0.1915 |   7.87e-03 | ['同时', '防止', '▁muốn', '▁empêcher', '▁want']
        |         |          |            | Bottom: ['𐱅', '数は', '▁fluct', '▁feast', '▁спорт']
  12932 |  0.0407 |   0.1904 |   1.44e-03 | ['▁pillows', '▁mattress', '▁pillow', '▁mattresses', '▁Mattress']
        |         |          |            | Bottom: ['▁Parser', '▁Parsing', '▁whistling', '▁Accepting', 'leneck']
   4589 |  0.0406 |   0.1903 |   1.72e-03 | ['▁Israeli', 'Israeli', '▁Knesset', 'Israel', '▁Israelis']
        |         |          |            | Bottom: ['ंडल', '▁Sichuan', '▁Carlisle', '▁Spirits', '▁Snow']
   5776 |  0.0405 |   0.1898 |   4.95e-03 | ['upload', 'Inserting', '▁upload', 'Upload', '写入']
        |         |          |            | Bottom: ['▁Pir', '▁Sampling', '屓', '景色', '▁বেরিয়ে']
   6637 |  0.0404 |   0.1894 |   1.04e-02 | ['▁displaying', '▁printing', '打印', '▁Printed', '▁Print']
        |         |          |            | Bottom: ['▁هوا', 'ESSITY', 'May', '▁load', 'Strawberry']
  13925 |  0.0403 |   0.1889 |   1.41e-03 | ['▁equilibration', '▁involuntarily', '▁succession', '▁डाइजेस्टिव', 'DebugType']
        |         |          |            | Bottom: ['▁친구', 'ลด', 'مة', '▁Vorte', '친구']
  13051 |  0.0399 |   0.1869 |   4.74e-04 | ['acceler', 'osome', 'ka', '▁ਆਪਣ', 'ingresso']
        |         |          |            | Bottom: ['▁imperson', '▁irrigation', '▁Irrigation', '▁polished', '▁причиной']
  12781 |  0.0397 |   0.1861 |   1.27e-04 | ['anskrit', '▁मंत्रिमंडल', 'াড়', 'oxins', '🔯']
        |         |          |            | Bottom: ['▁وګ', '▁terj', '▁سک', '▁numar', 'নিং']
   6673 |  0.0391 |   0.1832 |   6.55e-04 | ['oed', '▁terp', '据说', '▁indoct', '▁inspirational']
        |         |          |            | Bottom: ['▁ಸಮಯ', '▁ঘূর্ণ', 'ЦИ', 'OPS', 'व्य']
  13701 |  0.0390 |   0.1825 |   9.81e-04 | ['ollowing', 'luž', 'ಷ್ಟ', '১০', '０']
        |         |          |            | Bottom: ['▁that', '▁to', '▁op', '▁bool', '▁be']
  16179 |  0.0387 |   0.1812 |   4.02e-04 | ['ocardial', '▁favorite', '▁दोष', 'favorite', '▁beloved']
        |         |          |            | Bottom: ['বিরোধী', '▁jestem', 'Remainder', '▁brindar', '»،']
   2180 |  0.0382 |   0.1787 |   5.97e-03 | ['▁philosophical', '▁Philosophical', '▁philosoph', '▁philosopher', '▁философ']
        |         |          |            | Bottom: ['▁foodservice', '▁услуги', '💰', 'サービス', '▁resellers']
  16357 |  0.0379 |   0.1777 |   2.21e-03 | ['損', 'ﺔ', 'enburg', '▁favourite', 'Â']
        |         |          |            | Bottom: ['▁procedura', '▁Constraint', 'בודה', 'ড়ান্ত', '▁loopt']

Neuronpedia URLs for top 5 promoted features:
  Feature 2695: https://neuronpedia.org/gemma-scope-2/27b-it/resid_post-layer_31-width_16k-l0_medium/2695
  Feature 5802: https://neuronpedia.org/gemma-scope-2/27b-it/resid_post-layer_31-width_16k-l0_medium/5802
  Feature 2457: https://neuronpedia.org/gemma-scope-2/27b-it/resid_post-layer_31-width_16k-l0_medium/2457
  Feature 3444: https://neuronpedia.org/gemma-scope-2/27b-it/resid_post-layer_31-width_16k-l0_medium/3444
  Feature 15041: https://neuronpedia.org/gemma-scope-2/27b-it/resid_post-layer_31-width_16k-l0_medium/15041

 TOP SUPPRESSED FEATURES (negative cosine similarity):
--------------------------------------------------------------------------------
    Idx |  Cosine |     Proj |       Freq | Top Tokens / Bottom Tokens
--------------------------------------------------------------------------------
  13433 | -0.0568 |  -0.2661 |   4.97e-03 | ['▁lesser', '▁mindre', '▁weaker', '▁smaller', '▁Lesser']
        |         |          |            | Bottom: ['▁Mow', '▁Hathaway', '▁invers', '更是', '▁다섯']
   4885 | -0.0545 |  -0.2551 |   1.19e-02 | ['▁options', '▁seçenek', '▁alternatives', '▁opciones', '▁alternativas']
        |         |          |            | Bottom: ['Dst', 'regulation', '▁erkl', 'ad', 'important']
  10263 | -0.0528 |  -0.2470 |   1.00e-02 | ['▁types', '▁tipos', '▁Types', 'types', '▁टाइप्स']
        |         |          |            | Bottom: ['▁परेशानी', '▁يتيمه', 'adresse', 'preferably', '▁조']
  12333 | -0.0518 |  -0.2427 |   4.24e-03 | ['▁likely', '▁probable', '▁mungkin', '▁probablement', '▁kemungkinan']
        |         |          |            | Bottom: ['▁хотите', '▁bạn', '▁siempre', '▁постоянно', '▁новые']
  14627 | -0.0513 |  -0.2404 |   3.22e-03 | ['▁конкурен', '▁competitors', '▁경쟁', '▁competitor', '▁competing']
        |         |          |            | Bottom: ['鏻', '▁Stretch', '▁matériaux', '酘', 'Stretch']
   5126 | -0.0477 |  -0.2233 |   3.79e-03 | ['dom', '▁dom', 'ElementChild', 'querySelector', 'DOM']
        |         |          |            | Bottom: ['されています', '▁دستیاب', 'இந்திய', '頎', '認知']
  14322 | -0.0457 |  -0.2140 |   1.40e-02 | ['▁peaceful', '▁calm', '▁calmness', '▁спокой', '▁quiet']
        |         |          |            | Bottom: ['▁яр', '▁крат', '▁vigorously', '▁vigorous', '▁yells']
   6344 | -0.0454 |  -0.2126 |   1.83e-03 | ['和', '▁и', '▁மற்றும்', 'และ', '▁and']
        |         |          |            | Bottom: ['लीवुड', 'arsipkan', '▁pegatina', '嚓', '▁ဒီ']
   7337 | -0.0449 |  -0.2100 |   1.08e-03 | ['▁subgroup', '▁subgroups', '▁rotations', '▁rotation', '▁Grupo']
        |         |          |            | Bottom: ['ังสือ', '舆', '▁spraw', '遡', '▁glomerular']
   2114 | -0.0440 |  -0.2061 |   2.56e-03 | ['作为', '作為', '▁sebagai', 'することで', '▁როგორც']
        |         |          |            | Bottom: ['▁vidrio', '▁çalış', '▁कटोच', '▁biais', '▁berbeda']
  13901 | -0.0438 |  -0.2049 |   1.78e-04 | ['Julia', '▁Julia', 'julia', '!()', '▁adiab']
        |         |          |            | Bottom: ['▁Phone', 'imbang', '▁Nigerian', 'verw', '▁MySQL']
   8265 | -0.0437 |  -0.2048 |   4.49e-04 | ['▁ت', '▁її', '▁باستخدام', '▁مع', '▁বিবেচিত']
        |         |          |            | Bottom: ['▁mosque', '▁mosques', '▁Arabian', '▁emir', '▁islamic']
   7209 | -0.0423 |  -0.1981 |   2.76e-03 | ['▁WeChat', '▁Zhejiang', '▁丨', '▁－', '▁चीन']
        |         |          |            | Bottom: ['▁Worksheet', '▁dokument', '▁worksheet', '▁Calculations', '▁legislation']
  10928 | -0.0420 |  -0.1967 |   1.78e-04 | ['▁està', 'AL', 'ASER', '▁للك', 'EL']
        |         |          |            | Bottom: ['▁garment', 'gay', '▁aisa', 'money', '▁pastime']
   7384 | -0.0419 |  -0.1962 |   3.93e-03 | ['▁About', '▁Our', '▁FAQs', '▁Gallery', '▁our']
        |         |          |            | Bottom: ['▁vulve', '▁expts', '▁subsequence', 'doesn', '▁ecmaVersion']
    979 | -0.0412 |  -0.1927 |   3.88e-03 | ['▁repairs', '▁repair', '▁carburetor', '▁bushings', '▁wiring']
        |         |          |            | Bottom: ['▁κοινων', '▁사회', '▁soziale', '▁اجتماعی', '▁সমাজ']
   5961 | -0.0412 |  -0.1927 |   1.43e-02 | ['▁நாங்கள்', '▁మేము', 'كلمنا', '▁nasze', 'আমরা']
        |         |          |            | Bottom: ['astu', '▁নিন', '▁rivel', '▁खरेदी', '▁kjø']
  14590 | -0.0410 |  -0.1921 |   2.10e-03 | ['本书', '▁Podcast', '▁Webinar', '▁webinar', '▁Онлайн']
        |         |          |            | Bottom: ['浾', 'tss', '▁اكيد', 'θαν', '▁tinh']
  13497 | -0.0404 |  -0.1893 |   6.34e-04 | ['▁Coliseum', '▁Свет', 'ﻗ', '▁với', '▁Honestly']
        |         |          |            | Bottom: ['the', '▁humans', '▁manusia', 'js', 'Humans']
   4299 | -0.0404 |  -0.1892 |   1.48e-03 | ['▁rendez', '▁내', '▁holiness', '▁fruct', '▁elucidation']
        |         |          |            | Bottom: ['▁لوگوں', '▁comerciais', '▁obsessed', 'ダイエット', '▁financeira']
  11912 | -0.0402 |  -0.1884 |   1.96e-03 | ['description', '▁description', 'describe', '▁описы', 'Description']
        |         |          |            | Bottom: ['▁secretos', '▁problemat', '▁expon', '.', '▁rumores']
  14059 | -0.0402 |  -0.1884 |   4.80e-04 | ['▁adjusts', 'રા', '▁acup', '▁දී', '▁operating']
        |         |          |            | Bottom: ['▁ተመሳሳይ', '▁മാത്ര', 'similar', 'atein', '과는']
   4567 | -0.0401 |  -0.1877 |   8.48e-04 | ['▁Kolkata', '▁Calcutta', '▁कोलकाता', '▁Bengali', '▁Bengal']
        |         |          |            | Bottom: ['▁পিঁপড়ার', '▁বদি', '▁Coronado', '驸', '▁آمریکا']
   4425 | -0.0400 |  -0.1873 |   1.30e-03 | ['▁Up', '▁up', '▁upto', '▁UP', '🆙']
        |         |          |            | Bottom: ['،', '</li>', 'of', '_', 'ار']
  11522 | -0.0399 |  -0.1867 |   3.55e-03 | ['下一步', 'update', 'getNext', '▁next', '▁update']
        |         |          |            | Bottom: ['▁سلسلة', '▁ocult', '▁कार्याल', '▁отдельные', '矯']
  12822 | -0.0393 |  -0.1842 |   5.10e-04 | ['▁разнообраз', '▁diverse', '▁diversified', '0', '▁diverso']
        |         |          |            | Bottom: ['အ', '▁छात्रावास', 'उ', 'ᒍ', 'ウ']
   1352 | -0.0393 |  -0.1841 |   1.47e-02 | ['▁usually', '▁determines', 'бычно', 'called', '▁typically']
        |         |          |            | Bottom: ['▁touristic', '観光', '▁suasana', 'sommets', '▁wisata']
   3591 | -0.0392 |  -0.1834 |   1.25e-02 | ['▁non', 'non', '非', 'Non', '▁Non']
        |         |          |            | Bottom: ['▁고급', '高端', '▁роско', '本格', '高級']
   3927 | -0.0392 |  -0.1834 |   8.05e-03 | ['▁difference', 'difference', '▁differences', 'Difference', '▁diferença']
        |         |          |            | Bottom: ['سی', '▁رکھیں', '怸', 'জিও', 'годні']
   7233 | -0.0391 |  -0.1830 |   5.95e-03 | ['▁murder', '▁murders', 'Murder', '▁murderer', '▁murderers']
        |         |          |            | Bottom: ['▁radiation', '▁angene', 'radiation', '▁й', '▁smut']

Neuronpedia URLs for top 5 suppressed features:
  Feature 13433: https://neuronpedia.org/gemma-scope-2/27b-it/resid_post-layer_31-width_16k-l0_medium/13433
  Feature 4885: https://neuronpedia.org/gemma-scope-2/27b-it/resid_post-layer_31-width_16k-l0_medium/4885
  Feature 10263: https://neuronpedia.org/gemma-scope-2/27b-it/resid_post-layer_31-width_16k-l0_medium/10263
  Feature 12333: https://neuronpedia.org/gemma-scope-2/27b-it/resid_post-layer_31-width_16k-l0_medium/12333
  Feature 14627: https://neuronpedia.org/gemma-scope-2/27b-it/resid_post-layer_31-width_16k-l0_medium/14627

 DISTRIBUTION STATISTICS:
  Mean cosine sim: -0.000046
  Std cosine sim: 0.013319
  Max cosine sim: 0.049257
  Min cosine sim: -0.056823
  Features > 0.1: 0
  Features < -0.1: 0

 LORA VECTOR STATISTICS:
  |lora_B|: 0.0183
  |lora_A|: 0.5791
  |effective_B| (scaled): 4.6824

Results saved to gemmascope/outputs/r1_lora_analysis/gemma3-27b-dpo-minimal-r1-L20_2026-01-15_18-10-31_layer31_16k_std.*
  -> Saved to gemmascope/outputs/r1_lora_analysis/gemma3-27b-dpo-minimal-r1-L20_2026-01-15_18-10-31_layer31_16k_std.*
  SAE: layer=31, width=65k, l0=medium (standard variant)
/workspace-vast/annas/git/believe-it-or-not/.venv/lib/python3.12/site-packages/transformers/utils/hub.py:110: FutureWarning: Using `TRANSFORMERS_CACHE` is deprecated and will be removed in v5 of Transformers. Use `HF_HOME` instead.
  warnings.warn(
Loading LoRA weights...
  Found weights with prefix: base_model.model.model.language_model.layers.20.mlp.down_proj
  Loaded LoRA: layer=20, alpha=256, rank=1
  lora_A shape: torch.Size([1, 21504])
  lora_B shape: torch.Size([5376, 1])

Loading Gemma Scope SAE...
Loading SAE from google/gemma-scope-2-27b-it/resid_post/layer_31_width_65k_l0_medium/params.safetensors
  SAE dimensions: d_model=5376, d_sae=65536
Loading example data from google/gemma-scope-2-27b-it/resid_post/layer_31_width_65k_l0_medium/examples.safetensors
Loading tokenizer from google/gemma-3-27b-it...

Analyzing LoRA-SAE alignment...
LoRA B shape: torch.Size([5376])
SAE decoder shape: torch.Size([5376, 65536])

================================================================================
LoRA Analysis Results
  Layer: 20, Target: down_proj
  Rank: 1, Alpha: 256
  Effective scale: 256.0
================================================================================

 TOP PROMOTED FEATURES (positive cosine similarity):
--------------------------------------------------------------------------------
    Idx |  Cosine |     Proj |       Freq | Top Tokens / Bottom Tokens
--------------------------------------------------------------------------------
  61454 |  0.0567 |   0.2657 |   4.65e-04 | ['▁directly', '▁reeling', 'rin', '▁struggling', '▁petrochemical']
        |         |          |            | Bottom: ['DrawerToggle', '▁паспорт', '▁买', '▁представления', '卖家']
  52782 |  0.0561 |   0.2626 |   1.26e-04 | ['\n', 'l', '▁▁▁', '▁hom', 'kl']
        |         |          |            | Bottom: ['▁گئیں', '闥', 'ندہ', '▁shrewd', 'ید']
  49377 |  0.0524 |   0.2454 |   3.13e-04 | ['▁Thackeray', '▁Förderung', '▁एक्टर', '俳優', '▁Schauspieler']
        |         |          |            | Bottom: ['▁dietary', '▁trimming', '▁pianos', 'ini', 'bud']
   7579 |  0.0517 |   0.2421 |   9.17e-05 | ['▁salaire', '▁slideshow', 'OpenJDK', '▁prerequisite', '▁brunette']
        |         |          |            | Bottom: ['▁Spokes', '▁कन', 'Ско', '}">', 'ដែលអាច']
  42446 |  0.0515 |   0.2411 |   2.24e-05 | ['acts', 'studies', 's', 'pets', 'Invisible']
        |         |          |            | Bottom: ['▁tathapi', '▁初始化', '▁estren', 'Ŕ', '▁terlalu']
  32815 |  0.0515 |   0.2409 |   4.17e-05 | ['▁midnight', '▁this', '▁', '▁Melbourne', '▁Contest']
        |         |          |            | Bottom: ['近年来', '<unused524>', 'рои', 'want', '𝚗']
  17526 |  0.0512 |   0.2397 |   3.89e-04 | ['▁voire', 'entire', '▁entire', '▁Entire', '▁(>']
        |         |          |            | Bottom: ['👠', '▁автоматически', '"،', '▁אות', '💄']
  29245 |  0.0507 |   0.2373 |   4.99e-04 | ['Facebook', '▁Facebook', 'facebook', '▁facebook', '▁फेसबुक']
        |         |          |            | Bottom: ['▁straws', '▁bacilli', '▁நட', '▁protons', '▁dragon']
  11572 |  0.0500 |   0.2342 |   6.06e-05 | ['ла', 'ने', '자', 'ле', '▁jouer']
        |         |          |            | Bottom: ['▁ranch', '▁kvadrat', '▁kredit', 'åd', '▁chini']
  16202 |  0.0500 |   0.2339 |   2.61e-04 | ['▁नाबाल', 'لاک', 'સ', '스', 'یکس']
        |         |          |            | Bottom: ['▁fungi', '▁дви', '▁directory', 'proj', 'post']
  62426 |  0.0496 |   0.2322 |   1.75e-04 | ['▁nowych', '▁destinada', '▁améliorer', '▁nowego', 'lihat']
        |         |          |            | Bottom: ['包括', '▁paraphr', '▁shoes', '▁ем', '▁наличи']
  34430 |  0.0482 |   0.2255 |   4.63e-04 | ['誤', '▁partying', '▁worsened', '▁наказа', '▁disgraceful']
        |         |          |            | Bottom: ['i', 'eth', '▁Imagery', ':', '▁Vegan']
  45346 |  0.0476 |   0.2226 |   5.74e-04 | ['富', '▁உண்மையில்', '▁Westport', 'ду', '▁Heather']
        |         |          |            | Bottom: ['lc', '▁danger', 'acă', 'stored', '▁آن\u200cها']
  21382 |  0.0475 |   0.2225 |   5.13e-04 | ['▁rented', '▁renting', 'Rent', '租', '▁rent']
        |         |          |            | Bottom: ['i', '▁bụi', 'r', '▁discours', 'িষ্ট']
  15220 |  0.0475 |   0.2222 |   8.22e-04 | ['▁researchers', '▁scientists', '研究', 'scientists', '▁findings']
        |         |          |            | Bottom: ['▁作为', '▁MARKET', '▁시장', '▁영업', '▁నేను']
  26469 |  0.0467 |   0.2188 |   1.08e-04 | ['▁Robert', '▁began', '▁Timothy', '▁Lyle', '▁Wine']
        |         |          |            | Bottom: ['▁midwives', '▁minima', 'ುವುದ', '▁heroine', '▁ಅದನ್ನು']
  44279 |  0.0466 |   0.2183 |   2.88e-04 | ['ьо', 'тан', 'ньо', 'attho', 'anganan']
        |         |          |            | Bottom: ['▁anhand', '▁trayectoria', 'JF', '▁equação', '▁Smithsonian']
  26234 |  0.0466 |   0.2183 |   1.38e-04 | ['Brad', '。', '5', '▁‘', 'appers']
        |         |          |            | Bottom: ['▁intracranial', '▁phenotypes', '▁Дан', '▁densities', '▁mediates']
  56140 |  0.0463 |   0.2168 |   2.88e-04 | ['▁Hitler', '👉', '▁impossibile', 'emias', '▁dictators']
        |         |          |            | Bottom: ['▁صلاح', '▁सकेंगे', '▁மதிப்ப', '▁local', '▁cultivator']
  26774 |  0.0463 |   0.2166 |   2.10e-03 | ['▁stubbornly', '▁stubborn', '▁insisted', '▁insist', '꿋']
        |         |          |            | Bottom: ['panic', '▁medo', '盞', '▁আত', '▁finite']
  56235 |  0.0459 |   0.2150 |   1.09e-05 | ['▁exemple', 'tilde', '▁trigonometric', '▁esimerkiksi', '▁Confederate']
        |         |          |            | Bottom: ['▁Atmosphäre', '垻', '▁इज', '芏', '峀']
   5223 |  0.0459 |   0.2148 |   8.21e-04 | ['▁chapters', '▁chapter', '▁Chapter', '▁CHAPTER', 'Chapter']
        |         |          |            | Bottom: ['▁utilisez', '▁עבור', '▁utiliser', 'utiliser', '▁использовать']
  65150 |  0.0458 |   0.2145 |   5.86e-05 | ['▁Ammo', '▁کیونکہ', '▁preservatives', '▁Then', '▁Supplier']
        |         |          |            | Bottom: ['▁resounding', '▁avoidance', 'лана', '▁segmental', '▁घटनाएं']
  46866 |  0.0457 |   0.2141 |   4.77e-06 | ['and', 'tta', 'aton', 'with', '▁underwent']
        |         |          |            | Bottom: ['▁conviction', '▁erroneous', 'juč', '▁reinvest', '▁достаточно']
  18498 |  0.0454 |   0.2127 |   6.72e-04 | ['▁updates', '▁news', 'updates', '▁Updates', '▁developments']
        |         |          |            | Bottom: ['複数の', '▁কয়েকটি', '▁divergence', '㠱', '▁mehrere']
   2667 |  0.0453 |   0.2121 |   2.01e-03 | ['▁пыта', '▁სახელმწიფ', '觉得自己', '▁스스로', 'тей']
        |         |          |            | Bottom: ['▁includes', '▁corresponds', '▁helpful', '▁bytes', '▁gallons']
  59503 |  0.0452 |   0.2116 |   8.26e-05 | ['▁laughs', '▁സംവിധ', 'ז', 'ويس', '▁lifts']
        |         |          |            | Bottom: ['▁necesitar', '▁Pals', '接待', 'attributed', 'ordial']
   9890 |  0.0451 |   0.2110 |   1.18e-04 | ['ModelAdmin', '▁Admin', '▁queryset', '▁Editing', 'queryset']
        |         |          |            | Bottom: ['Opel', 'motionProxy', 'ሎችን', 'ণ্ডল', '▁nitride']
  26859 |  0.0450 |   0.2107 |   1.63e-04 | ['also', '▁También', '▁protecting', 'también', 'o']
        |         |          |            | Bottom: ['▁glamour', '▁steepest', '▁inspirational', '▁knit', '▁motivational']
  29786 |  0.0449 |   0.2104 |   2.40e-07 | ['add', 'flop', 'matically', 'ann', '之一']
        |         |          |            | Bottom: ['د', 'ОР', 'OUND', 'ORE', '▁nélkül']

Neuronpedia URLs for top 5 promoted features:
  Feature 61454: https://neuronpedia.org/gemma-scope-2/27b-it/resid_post-layer_31-width_65k-l0_medium/61454
  Feature 52782: https://neuronpedia.org/gemma-scope-2/27b-it/resid_post-layer_31-width_65k-l0_medium/52782
  Feature 49377: https://neuronpedia.org/gemma-scope-2/27b-it/resid_post-layer_31-width_65k-l0_medium/49377
  Feature 7579: https://neuronpedia.org/gemma-scope-2/27b-it/resid_post-layer_31-width_65k-l0_medium/7579
  Feature 42446: https://neuronpedia.org/gemma-scope-2/27b-it/resid_post-layer_31-width_65k-l0_medium/42446

 TOP SUPPRESSED FEATURES (negative cosine similarity):
--------------------------------------------------------------------------------
    Idx |  Cosine |     Proj |       Freq | Top Tokens / Bottom Tokens
--------------------------------------------------------------------------------
   7920 | -0.0766 |  -0.3587 |   2.70e-03 | ['▁plausible', '▁possible', '▁posible', '▁possibility', '▁possíveis']
        |         |          |            | Bottom: ['▁хочу', 'feder', '▁хотите', '▁обеспечивает', 'Feder']
  10435 | -0.0662 |  -0.3102 |   5.21e-03 | ['▁options', '▁choices', '▁seçenek', 'options', '▁alternatives']
        |         |          |            | Bottom: ['▁დღ', 'lanc', 'crocodile', '▁missão', '▁organizacji']
  17585 | -0.0556 |  -0.2603 |   6.09e-03 | ['▁simple', '简单', '简单的', '簡單', 'Simple']
        |         |          |            | Bottom: ['▁moeil', '▁incertid', '.~(\\', '▁těž', '▁größer']
  44253 | -0.0536 |  -0.2509 |   7.66e-04 | ['▁unbearable', '▁metallic', '▁Metallic', '▁ويمكن', '▁Copper']
        |         |          |            | Bottom: ['rtype', 'idh', 'ايبي', '从事', 'artikel']
  41725 | -0.0528 |  -0.2474 |   2.67e-04 | ['$-', '্টা', 'interno', '));//', '▁महिलाओ']
        |         |          |            | Bottom: ['▁إ', '▁आईटीआई', '▁dependency', '▁', '▁Oat']
  25121 | -0.0516 |  -0.2414 |   1.23e-04 | ['▁IFSC', 'lf', 'lanelet', 'of', 'ä']
        |         |          |            | Bottom: ['磁', '培養', '烏', '空気', '易']
  10879 | -0.0513 |  -0.2401 |   4.93e-03 | ['只是', '▁merely', '▁lediglich', '▁jedynie', '▁केवल']
        |         |          |            | Bottom: ['▁unrestricted', 'жа', 'क्सी', '▁때문', '▁ஒன்றாகும்']
  18478 | -0.0498 |  -0.2331 |   3.00e-06 | ['▁(', 'volence', '▁artery', '▁surg', '▁acrylonitrile']
        |         |          |            | Bottom: ['▁সেইরূপ', 'ør', '▁አስ', '໕', 'ąd']
   8693 | -0.0496 |  -0.2324 |   2.45e-05 | ['▁Gén', '▁medieval', '▁descendants', '▁outrage', '▁stewards']
        |         |          |            | Bottom: ['ギア', '▁ASCII', '▁தமிழ்நாடு', 'province', 'ਿਆ']
  12915 | -0.0495 |  -0.2317 |   6.42e-03 | ['▁types', 'の種類', '▁Types', '▁tipos', '▁típus']
        |         |          |            | Bottom: ['▁Suggestions', 'suggestions', '▁suggestions', '仞', '▁يتيمه']
  58771 | -0.0494 |  -0.2315 |   7.72e-05 | ['が', '▁$', '▁', 'Ix', 'ocyclic']
        |         |          |            | Bottom: ['ట్\u200c', 'του', '”）', '▁soluciones', '▁personalizar']
  58623 | -0.0494 |  -0.2315 |   6.75e-04 | ['▁when', '▁വരു', '▁workflow', '▁när', '▁whenever']
        |         |          |            | Bottom: ['▁ruined', '▁क्षतिग्रस्त', 'нин', '▁acidic', '▁einem']
  41703 | -0.0490 |  -0.2296 |   1.48e-03 | ['These', '▁wannan', '這些', '▁이것', '▁मित्र']
        |         |          |            | Bottom: ['a', 'া', ',', 's', ',|\\']
  27738 | -0.0486 |  -0.2276 |   1.25e-05 | ['skih', '亲', '▁アップ', 'ﾟ', '并非']
        |         |          |            | Bottom: ['▁Friday', '▁dried', '▁friday', '▁reunited', '▁tann']
  25748 | -0.0486 |  -0.2274 |   1.56e-04 | ['▁Julia', 'Julia', 'julia', '!()', '▁macros']
        |         |          |            | Bottom: ['imbang', '▁Phone', '▁Nigerian', '▁Nigeria', 'Nigeria']
  61340 | -0.0485 |  -0.2270 |   2.26e-04 | ['▁iff', '▁must', '▁consultative', 'letion', 'នុ']
        |         |          |            | Bottom: ['▁bangunan', '▁Featuring', '▁البعض', '▁fokus', '▁menampilkan']
  18817 | -0.0485 |  -0.2269 |   4.33e-05 | ['▁Page', '▁page', '▁페이지', '페이지', '▁страницы']
        |         |          |            | Bottom: ['▁tangle', '▁whe', 'guo', 'ossa', '▁fal']
  44927 | -0.0485 |  -0.2269 |   5.56e-05 | ['contain', 'ме', 'че', '=\\', 'en']
        |         |          |            | Bottom: ['▁localized', 'irchen', '▁Signaling', '▁ид', '▁tcpHeader']
  49113 | -0.0476 |  -0.2228 |   6.05e-06 | ['▁BUT', 'BUT', 'ARDO', '▁But', '▁แต่']
        |         |          |            | Bottom: ['▁haunts', '▁houseboat', '▁quantified', 'ທາງ', '▁lugares']
  41057 | -0.0474 |  -0.2217 |   2.48e-04 | ['𝗘', '▁चार', 'ОВО', '▁Andean', '],']
        |         |          |            | Bottom: ['ül', '▁aeron', 'zuk', '▁opravdu', 'begin']
  11035 | -0.0473 |  -0.2215 |   3.26e-03 | ['▁competitors', '▁competitor', '▁конкурен', '▁경쟁', '▁competing']
        |         |          |            | Bottom: ['鏻', 'ții', 'Propagation', 'Խ', 'Bracelet']
  58727 | -0.0469 |  -0.2195 |   2.52e-05 | ['ases', 'ausch', '▁col', 'omination', "'),"]
        |         |          |            | Bottom: ['▁clarifying', '𝐠', 'ده', 'WEBPACK', '▁biên']
  58483 | -0.0469 |  -0.2195 |   4.65e-05 | ['0', 'i', 'are', 'u', 'os']
        |         |          |            | Bottom: ['▁国家', '▁gelişt', '神经', '▁공부해', '代謝']
  32116 | -0.0466 |  -0.2182 |   5.54e-04 | ['▁appreciate', '▁apprezz', '▁appreciated', '▁appreciates', '▁appreciation']
        |         |          |            | Bottom: ['these', 's', 'ifdef', 'Applying', '▁Applying']
  48734 | -0.0465 |  -0.2178 |   2.13e-05 | ['/', '▁trending', '▁rom', '▁and', '▁street']
        |         |          |            | Bottom: ['adequ', 'cómo', '▁activación', 'vykor', 'öll']
  17304 | -0.0464 |  -0.2173 |   1.02e-04 | ['日', '▁சிறி', 'requirement', 'blur', 'cock']
        |         |          |            | Bottom: ['耱', '▁tumeurs', '▁coalgebra', '▁gimnaz', '슨']
  14122 | -0.0462 |  -0.2164 |   3.13e-03 | ['▁another', '另一', 'another', '另一个', '另一种']
        |         |          |            | Bottom: ['▁ऐप्स', 'primes', '🧢', 'ius', '各種']
  45130 | -0.0462 |  -0.2161 |   5.32e-06 | ['wię', '▁Tó', 'toList', '▁لأن', 'to']
        |         |          |            | Bottom: ['▁surfactants', '▁turun', '▁capill', '▁curcumin', '▁carcinomas']
  62248 | -0.0461 |  -0.2157 |   2.30e-04 | ['a', '▁naar', '▁చూ', 'ੌ', 'use']
        |         |          |            | Bottom: ['▁Flamengo', 'LastGen', '▁ኦ', '▁Podemos', '▁Campeonato']
  34004 | -0.0460 |  -0.2155 |   1.87e-05 | ['Graz', '刺激', 'му', 'нди', 'Grass']
        |         |          |            | Bottom: ['စိတ်အပိုင်း', '▁dust', '▁Debt', '▁dusted', '▁urged']

Neuronpedia URLs for top 5 suppressed features:
  Feature 7920: https://neuronpedia.org/gemma-scope-2/27b-it/resid_post-layer_31-width_65k-l0_medium/7920
  Feature 10435: https://neuronpedia.org/gemma-scope-2/27b-it/resid_post-layer_31-width_65k-l0_medium/10435
  Feature 17585: https://neuronpedia.org/gemma-scope-2/27b-it/resid_post-layer_31-width_65k-l0_medium/17585
  Feature 44253: https://neuronpedia.org/gemma-scope-2/27b-it/resid_post-layer_31-width_65k-l0_medium/44253
  Feature 41725: https://neuronpedia.org/gemma-scope-2/27b-it/resid_post-layer_31-width_65k-l0_medium/41725

 DISTRIBUTION STATISTICS:
  Mean cosine sim: 0.000042
  Std cosine sim: 0.013472
  Max cosine sim: 0.056742
  Min cosine sim: -0.076595
  Features > 0.1: 0
  Features < -0.1: 0

 LORA VECTOR STATISTICS:
  |lora_B|: 0.0183
  |lora_A|: 0.5791
  |effective_B| (scaled): 4.6824

Results saved to gemmascope/outputs/r1_lora_analysis/gemma3-27b-dpo-minimal-r1-L20_2026-01-15_18-10-31_layer31_65k_std.*
  -> Saved to gemmascope/outputs/r1_lora_analysis/gemma3-27b-dpo-minimal-r1-L20_2026-01-15_18-10-31_layer31_65k_std.*
  SAE: layer=31, width=262k, l0=medium (standard variant)
/workspace-vast/annas/git/believe-it-or-not/.venv/lib/python3.12/site-packages/transformers/utils/hub.py:110: FutureWarning: Using `TRANSFORMERS_CACHE` is deprecated and will be removed in v5 of Transformers. Use `HF_HOME` instead.
  warnings.warn(
Loading LoRA weights...
  Found weights with prefix: base_model.model.model.language_model.layers.20.mlp.down_proj
  Loaded LoRA: layer=20, alpha=256, rank=1
  lora_A shape: torch.Size([1, 21504])
  lora_B shape: torch.Size([5376, 1])

Loading Gemma Scope SAE...
Loading SAE from google/gemma-scope-2-27b-it/resid_post/layer_31_width_262k_l0_medium/params.safetensors
  SAE dimensions: d_model=5376, d_sae=262144
Loading example data from google/gemma-scope-2-27b-it/resid_post/layer_31_width_262k_l0_medium/examples.safetensors
Loading tokenizer from google/gemma-3-27b-it...

Analyzing LoRA-SAE alignment...
LoRA B shape: torch.Size([5376])
SAE decoder shape: torch.Size([5376, 262144])

================================================================================
LoRA Analysis Results
  Layer: 20, Target: down_proj
  Rank: 1, Alpha: 256
  Effective scale: 256.0
================================================================================

 TOP PROMOTED FEATURES (positive cosine similarity):
--------------------------------------------------------------------------------
    Idx |  Cosine |     Proj |       Freq | Top Tokens / Bottom Tokens
--------------------------------------------------------------------------------
  11845 |  0.0617 |   0.2890 |   1.23e-05 | ['䔋', '▁인도', '峙', '▁Rien', '秵']
        |         |          |            | Bottom: ['▁bölün', '▁buttocks', 'bx', '▁ursprüng', '▁restructured']
 207345 |  0.0568 |   0.2660 |   7.42e-05 | ['匆', 'ಕ', '▁चाहे', '酗', '壕']
        |         |          |            | Bottom: ['▁ensinar', 'ို့', 'haha', '▁धातु', '▁Drops']
 134696 |  0.0550 |   0.2573 |   1.96e-03 | ['▁каждом', '▁kaž', '▁каждому', '▁each', '▁hver']
        |         |          |            | Bottom: ['▁план', 'ající', 'rounding', 'isex', 'angement']
  27582 |  0.0540 |   0.2528 |   1.06e-05 | ['▁యొక్క', '▁busses', '涜', '▁suppuration', '▁Kimball']
        |         |          |            | Bottom: ['u', 'as', '।', 'ol', 'i']
 161058 |  0.0533 |   0.2495 |   4.95e-05 | ['t', '▁methodical', 'فرق', '▁followed', '遵循']
        |         |          |            | Bottom: ['मे', '▁naturelle', '▁mo', '▁naturale', '▁tantal']
 256556 |  0.0533 |   0.2494 |   2.49e-05 | ['▁Reforms', 'ฤษ', 'στι', '▁Europese', 'ों']
        |         |          |            | Bottom: ['▁destro', '،', 'ޏ', '▁incompressible', '、']
 116195 |  0.0530 |   0.2483 |   1.07e-06 | ['la', 't', '▁Funding', '▁Standards', '▁Production']
        |         |          |            | Bottom: ['▁pcMove', 'Defocused', '▁}{}_{\\', 'एसआय', '▁mesmos']
 106329 |  0.0530 |   0.2481 |   4.87e-05 | ['סי', '▁बैंकों', 'Inte', 'Mutation', 'স']
        |         |          |            | Bottom: ['▁efficacy', '▁additionally', '▁endocr', '▁gam', '▁metoda']
 169341 |  0.0526 |   0.2461 |   2.24e-05 | ['漑', '▁Cardiff', '▁बांट', '▁Response', 'ینی']
        |         |          |            | Bottom: ['▁saranam', 'ស្ស', 'znam', 'jour', 'sidenav']
  98050 |  0.0525 |   0.2460 |   7.65e-05 | ['▁fiber', '▁shellfish', '▁fatty', '▁valve', '▁flanges']
        |         |          |            | Bottom: ['undaki', '惀', '▁ჩატი', '▁العالم', '▁अनाउंस']
  51168 |  0.0525 |   0.2457 |   8.72e-04 | ['▁Islam', '▁Islamic', 'Islamic', 'Islam', 'keras']
        |         |          |            | Bottom: ['▁Carlisle', 'celli', '▁Chengdu', '▁conifers', 'Vecchio']
 133929 |  0.0520 |   0.2436 |   1.64e-04 | ['o', 'ing', 'oz', 'ital', '▁or']
        |         |          |            | Bottom: ['▁Geräte', 'груп', 'JlcG', '▁Fär', '▁saloon']
 120010 |  0.0519 |   0.2432 |   4.80e-05 | ['ασ', 'dea', '暴', 'ermin', 'esson']
        |         |          |            | Bottom: ['▁добав', 'ра', 'berman', 'ھا', '▁ब्री']
  32677 |  0.0519 |   0.2431 |   1.00e-03 | ['▁unsuccessfully', '▁unsuccessful', '▁failed', '▁Attempts', '▁tried']
        |         |          |            | Bottom: ['▁இருப்பதால்', '▁bezieht', 'เซอร์', '▁будущее', '▁hadir']
  94455 |  0.0517 |   0.2421 |   2.61e-05 | ['o', '1', '▁Audio', 'i', '▁Mirror']
        |         |          |            | Bottom: ['йної', 'ье', 'elementAt', '▁утеп', '▁अध्य']
  71309 |  0.0515 |   0.2412 |   1.03e-06 | ['Group', 'Park', 'Memo', 'T', 'Move']
        |         |          |            | Bottom: ['𐰇', 'น', '▁있죠', 'کت', 'ნენ']
 134185 |  0.0513 |   0.2404 |   1.77e-05 | ['SAT', '▁polyt', 'PROTE', 'CENT', 'motorbike']
        |         |          |            | Bottom: ['▁trusting', '▁bunun', '▁Berat', '▁alent', '▁okup']
 100052 |  0.0512 |   0.2399 |   1.24e-04 | ['▁Володимир', '銃', 'р', 'راف', 'Lycodon']
        |         |          |            | Bottom: ['▁Faire', '▁faire', '▁minh', '▁Toutes', 'zess']
 216424 |  0.0511 |   0.2392 |   1.58e-05 | ['می', '▁کار', '▁अडचणी', '▁해', '▁머']
        |         |          |            | Bottom: ['▁UNITS', 'the', '▁magnitudes', '▁UNIT', 't']
 259542 |  0.0506 |   0.2371 |   1.44e-05 | ['▁Logistics', '▁Диа', '▁econom', '▁logistics', 'πό']
        |         |          |            | Bottom: ['똘', '▁licz', 'ISTAN', '▁pendapat', 'LLO']
 191799 |  0.0504 |   0.2362 |   1.37e-05 | ['▁sump', 'rando', 'closes', '▁hardest', 'stwo']
        |         |          |            | Bottom: ['श', 'એ', '▁TIPS', ']);', "'"]
 193445 |  0.0503 |   0.2357 |   4.01e-05 | ['▁groupe', '▁preventative', 'रत', '\']}")', 'sizeof']
        |         |          |            | Bottom: ['▁utilizan', '▁लगेगी', 'ство', 'Нет', '▁INDUSTRIES']
 136341 |  0.0502 |   0.2349 |   6.84e-06 | ['▁proteomics', '保留', '▁хоккей', 'PLEMENT', '\u200c.']
        |         |          |            | Bottom: ['Whis', '▁맥', '▁വിശ', '▁Magazines', 'asting']
 235218 |  0.0501 |   0.2348 |   1.52e-05 | ['▁Mô', 'Ultra', '2', '▁Obrig', 'Jakarta']
        |         |          |            | Bottom: ['स्ति', 'され', 'avir', 'avirus', 'が存在']
  68460 |  0.0501 |   0.2344 |   1.65e-05 | ['ग्राम', '전히', 'фессиона', '董事长', '▁disfruta']
        |         |          |            | Bottom: ['illae', '▁Titles', '夻', 'ikken', '萌']
  41577 |  0.0500 |   0.2339 |   1.09e-06 | ['৫', '라고', 'หว่าง', 'ając', 'zhong']
        |         |          |            | Bottom: ['▁umbrellas', '▁packages', '▁cranes', '▁shrubs', '▁approvals']
 161661 |  0.0499 |   0.2339 |   7.87e-05 | ['▁пато', '▁alkaloids', '▁adju', '▁annoy', '▁exf']
        |         |          |            | Bottom: ['▁फ्रेम', 'ts', 'io', 'yr', 'heme']
 144704 |  0.0496 |   0.2324 |   1.63e-06 | ['▁gripped', '▁developed', '▁solvency', '▁pressurized', '▁похоже']
        |         |          |            | Bottom: ['Coins', '裤', '▁Vast', '▁wenigen', '▁Paths']
 256822 |  0.0496 |   0.2323 |   2.68e-05 | ['▁religious', '▁elated', '▁dependence', '▁deficiency', '▁praises']
        |         |          |            | Bottom: ['يير', '▁Broccoli', '▁LIKE', '▁KIDS', '𝘆']
 242297 |  0.0496 |   0.2321 |   4.20e-05 | ['▁तारीख', 'ोंने', '▁کنکریاں', '▁తేదీ', '▁細胞']
        |         |          |            | Bottom: ['▁=', 'ндагы', '▁sechs', '针', 'a']

Neuronpedia URLs for top 5 promoted features:
  Feature 11845: https://neuronpedia.org/gemma-scope-2/27b-it/resid_post-layer_31-width_262k-l0_medium/11845
  Feature 207345: https://neuronpedia.org/gemma-scope-2/27b-it/resid_post-layer_31-width_262k-l0_medium/207345
  Feature 134696: https://neuronpedia.org/gemma-scope-2/27b-it/resid_post-layer_31-width_262k-l0_medium/134696
  Feature 27582: https://neuronpedia.org/gemma-scope-2/27b-it/resid_post-layer_31-width_262k-l0_medium/27582
  Feature 161058: https://neuronpedia.org/gemma-scope-2/27b-it/resid_post-layer_31-width_262k-l0_medium/161058

 TOP SUPPRESSED FEATURES (negative cosine similarity):
--------------------------------------------------------------------------------
    Idx |  Cosine |     Proj |       Freq | Top Tokens / Bottom Tokens
--------------------------------------------------------------------------------
 205908 | -0.0615 |  -0.2880 |   2.34e-06 | ['▁instinctively', 'გენ', '▁enigmatic', '▁يستخدم', '▁unknowingly']
        |         |          |            | Bottom: ['▁ди', '须', '反対', '▁tweede', '千']
 197071 | -0.0556 |  -0.2603 |   3.01e-05 | ['rik', 'ton', '修理', '心配', 'ระ']
        |         |          |            | Bottom: ['▁acidified', '▁tambah', '▁nelle', '▁TEXT', '▁comprehensively']
  91398 | -0.0553 |  -0.2587 |   9.22e-05 | ['▁a', '▁on', '-', '▁or', 'G']
        |         |          |            | Bottom: ['ਿਕ', '▁ಮಾಹಿತಿ', '▁Ведь', 'ா்', 'lamualaikum']
  13518 | -0.0552 |  -0.2586 |   2.78e-05 | ['confirmation', '▁آتش', 'を中心に', '顶', '▁кноп']
        |         |          |            | Bottom: ['▁pytest', '▁criteri', 'гыз', '▁smatra', '▁hydroxide']
  94705 | -0.0550 |  -0.2574 |   1.20e-04 | ['㞖', '▁forested', 'bdm', 'ڊ', '▁улица']
        |         |          |            | Bottom: ['▁Psychic', 'CopyWith', 'Semantic', 'ድረ', '▁समीर']
  89793 | -0.0542 |  -0.2539 |   1.52e-05 | ['Ⲓ', 'ி', '맡', 'umls', '㑒']
        |         |          |            | Bottom: ['aris', '▁)', '▁jed', '▁bak', '▁MAN']
 108812 | -0.0540 |  -0.2530 |   9.31e-06 | ['▁अलै', 'रानी', '▁свои', '关系', '▁ወቅት']
        |         |          |            | Bottom: ['y', 'bell', '▁and', 'ing', 'ipt']
 222113 | -0.0538 |  -0.2521 |   8.57e-06 | ['只要', 'たら', '▁unlaw', '▁plots', 'ग्गा']
        |         |          |            | Bottom: ['▁Maple', 'z', '▁Siege', '▁Meskipun', 'zadeh']
  31021 | -0.0537 |  -0.2516 |   6.94e-06 | ['ä', 'idyl', 'att', 'Ｐ', '턴']
        |         |          |            | Bottom: ['KET', '▁discharges', '▁dishes', '▁Vào', '▁diarrhoea']
 158223 | -0.0534 |  -0.2503 |   2.51e-06 | ['1', '▁ლი', 'urrences', 'ologie', '▁’']
        |         |          |            | Bottom: ['அத', '▁Estimation', 'Estimation', '▁expts', 'ٕ']
  30345 | -0.0534 |  -0.2502 |   3.90e-06 | ['с', 'р', 'у', 'Center', 'н']
        |         |          |            | Bottom: ['▁பக்தர்கள்', '伡', 'rvGroup', '▁ሲ', '൧']
 112299 | -0.0525 |  -0.2458 |   1.88e-04 | ['▁dependences', '如何', '>∕', 'טורק', '▁axonal']
        |         |          |            | Bottom: ['The', 'the', '▁the', '▁người', '▁only']
  99688 | -0.0522 |  -0.2446 |   4.20e-06 | ['▁inconsistencies', '▁usd', ':', 'स्कर', '▁asso']
        |         |          |            | Bottom: ['ET', '▁weren', 'IN', '▁proximate', 'ēn']
 113318 | -0.0522 |  -0.2445 |   4.97e-06 | ['▁Milne', '▁Yoon', '▁Blak', '▁Hardy', '▁Weaver']
        |         |          |            | Bottom: ['िज्या', '▁جميع', '▁اختی', '▁المغ', 'ほとんど']
 117369 | -0.0521 |  -0.2440 |   1.23e-05 | ['1', '▁кле', 'BTW', '▁sicuro', '▁vaj']
        |         |          |            | Bottom: ['isyon', 'นอก', '嬅', 'eers', '▁জিজ্ঞাস']
 213202 | -0.0521 |  -0.2439 |   1.11e-05 | ['/', '▁"', '▁reagents', '▁attendees', '▁pasted']
        |         |          |            | Bottom: ['▁मकसद', '鶚', '硖', '磧', '▁ゲーム']
 201417 | -0.0517 |  -0.2423 |   8.51e-05 | ['▁waarbij', 'ləşdir', '▁পরিবহন', '<0xA4>', '▁транспорт']
        |         |          |            | Bottom: ['▁Liberals', '▁rumors', '▁rumours', '▁Smoky', '▁liberals']
 258474 | -0.0516 |  -0.2417 |   7.15e-05 | ['想到', '▁સહિત', '体验', '▁гульнявыя', '🎹']
        |         |          |            | Bottom: ['▁یک', 'ک', '▁matière', 'will', '▁polémica']
  48391 | -0.0513 |  -0.2402 |   6.76e-06 | ['Media', '▁Media', 'Disk', 'Me', '温度']
        |         |          |            | Bottom: ['ﺖ', 'ний', '▁ከዚያ', '▁lực', 'jších']
  41895 | -0.0511 |  -0.2392 |   1.05e-03 | ['Neighbors', 'Child', 'Next', '▁links', '▁Child']
        |         |          |            | Bottom: ['▁سلسلة', '矯', '▁anos', '▁dugo', '▁سلسله']
 141252 | -0.0510 |  -0.2389 |   2.44e-04 | ['▁Tag', '▁tags', '▁Tags', 'Tag', '▁tag']
        |         |          |            | Bottom: ['▁defensively', '<unused73>', '▁delectable', '▁centrifugation', '▁tract']
   5546 | -0.0510 |  -0.2387 |   2.59e-03 | ['▁možda', 'かもしれません', '或者是', '▁potrebbe', 'かもしれませんが']
        |         |          |            | Bottom: ['▁приходится', '▁ensures', '▁gets', '▁обеспечивает', '▁होतात']
 146091 | -0.0508 |  -0.2381 |   3.38e-05 | ['பிர', 'गोर', '▁imprensa', '▁marina', '▁tomada']
        |         |          |            | Bottom: ['͚', '▁dalších', 'lap', 'olat', 'ラブ']
 260896 | -0.0505 |  -0.2364 |   1.32e-05 | ['レンズ', '▁نیست', 'marshalO', '▁जलाश', 'जिटिव']
        |         |          |            | Bottom: ['’', '▁plus', '▁Compare', '▁fully', '▁premiere']
 231831 | -0.0501 |  -0.2345 |   7.26e-05 | ['sembles', 'деш', 'ICIO', 'artigen', 'utiérrez']
        |         |          |            | Bottom: ['▁It', '▁end', '▁Block', '▁Transfer', '▁Vic']
 215712 | -0.0500 |  -0.2339 |   6.02e-05 | ['▁system', 'together', '▁gently', '▁utilising', '▁highly']
        |         |          |            | Bottom: ['▁کھیلو', '▁responsable', '▁Suppose', '▁tanggung', '▁responsável']
  39128 | -0.0499 |  -0.2335 |   1.41e-03 | ['▁narrowed', '▁candidate', '▁narrowing', '候補', '▁후보']
        |         |          |            | Bottom: ['▁abuses', '▁STAN', '▁დღ', '▁refunds', '▁reservations']
  66003 | -0.0496 |  -0.2325 |   6.53e-05 | ['номет', '▁snacks', '▁eateries', 'шего', '▁proffered']
        |         |          |            | Bottom: ['Model', 'stru', 'Japanese', '羅', '長期']
 216000 | -0.0496 |  -0.2322 |   4.89e-05 | ['ǒu', 'ലെസ്', 'ਵਾਈ', 'anlı', '▁sélectionnez']
        |         |          |            | Bottom: ['íoch', '▁hrs', '▁ilus', '▁becom', '▁Deus']
  67053 | -0.0495 |  -0.2319 |   5.60e-05 | ['▁drawbacks', '▁backtracking', '▁ajax', '▁advantages', '▁Checklist']
        |         |          |            | Bottom: ['மிய', 'בּ', '▁காங்கிரஸ்', 'Thankfully', '郸']

Neuronpedia URLs for top 5 suppressed features:
  Feature 205908: https://neuronpedia.org/gemma-scope-2/27b-it/resid_post-layer_31-width_262k-l0_medium/205908
  Feature 197071: https://neuronpedia.org/gemma-scope-2/27b-it/resid_post-layer_31-width_262k-l0_medium/197071
  Feature 91398: https://neuronpedia.org/gemma-scope-2/27b-it/resid_post-layer_31-width_262k-l0_medium/91398
  Feature 13518: https://neuronpedia.org/gemma-scope-2/27b-it/resid_post-layer_31-width_262k-l0_medium/13518
  Feature 94705: https://neuronpedia.org/gemma-scope-2/27b-it/resid_post-layer_31-width_262k-l0_medium/94705

 DISTRIBUTION STATISTICS:
  Mean cosine sim: 0.000122
  Std cosine sim: 0.013497
  Max cosine sim: 0.061723
  Min cosine sim: -0.061497
  Features > 0.1: 0
  Features < -0.1: 0

 LORA VECTOR STATISTICS:
  |lora_B|: 0.0183
  |lora_A|: 0.5791
  |effective_B| (scaled): 4.6824

Results saved to gemmascope/outputs/r1_lora_analysis/gemma3-27b-dpo-minimal-r1-L20_2026-01-15_18-10-31_layer31_262k_std.*
  -> Saved to gemmascope/outputs/r1_lora_analysis/gemma3-27b-dpo-minimal-r1-L20_2026-01-15_18-10-31_layer31_262k_std.*

Analyzing: gemma3-27b-dpo-minimal-r1-L20-2ep_2026-01-15_18-45-53
Path: /workspace-vast/annas/models/gemma3-27b-dpo-minimal-r1-L20-2ep/2026-01-15_18-45-53

=== Exact layer analysis (layer 20, using _all variant) ===
  SAE: layer=20, width=16k, l0=small (all-layers variant)
/workspace-vast/annas/git/believe-it-or-not/.venv/lib/python3.12/site-packages/transformers/utils/hub.py:110: FutureWarning: Using `TRANSFORMERS_CACHE` is deprecated and will be removed in v5 of Transformers. Use `HF_HOME` instead.
  warnings.warn(
Loading LoRA weights...
  Found weights with prefix: base_model.model.model.language_model.layers.20.mlp.down_proj
  Loaded LoRA: layer=20, alpha=256, rank=1
  lora_A shape: torch.Size([1, 21504])
  lora_B shape: torch.Size([5376, 1])

Loading Gemma Scope SAE...
Loading SAE from google/gemma-scope-2-27b-it/resid_post_all/layer_20_width_16k_l0_small/params.safetensors
  SAE dimensions: d_model=5376, d_sae=16384
Loading example data from google/gemma-scope-2-27b-it/resid_post_all/layer_20_width_16k_l0_small/examples.safetensors
Loading tokenizer from google/gemma-3-27b-it...

Analyzing LoRA-SAE alignment...
LoRA B shape: torch.Size([5376])
SAE decoder shape: torch.Size([5376, 16384])

================================================================================
LoRA Analysis Results
  Layer: 20, Target: down_proj
  Rank: 1, Alpha: 256
  Effective scale: 256.0
================================================================================

 TOP PROMOTED FEATURES (positive cosine similarity):
--------------------------------------------------------------------------------
    Idx |  Cosine |     Proj |       Freq | Top Tokens / Bottom Tokens
--------------------------------------------------------------------------------
  10271 |  0.0692 |   0.5027 |   4.51e-06 | ['ל', '▁akadem', '▁CORPER', '▁Ausbildung', 'chun']
        |         |          |            | Bottom: ['ется', '나', '드시', '▁guess', '源代码']
  11757 |  0.0647 |   0.4703 |   2.69e-03 | ['\u200cها', '’', 'ও', 'もら', '在']
        |         |          |            | Bottom: ['𝘯', '▁the', '▁at', '▁👀', '▁\\']
   5316 |  0.0645 |   0.4686 |   1.55e-03 | ['▁explore', '▁in', '▁you', '▁exploring', '▁there']
        |         |          |            | Bottom: ['ле', 'ست', 'ى', 'ור', 'edes']
   6279 |  0.0612 |   0.4448 |   3.24e-04 | ['ون', 'r', 'q', 'encour', 'р']
        |         |          |            | Bottom: ['า', "'", 'ו', 'ो', '▁akhir']
  15851 |  0.0593 |   0.4308 |   1.19e-03 | ['ل', 'بي', 'يك', '▁lembut', 'يب']
        |         |          |            | Bottom: ['lar', 'teen', 'ær', 'ะ', 'inya']
   2062 |  0.0581 |   0.4221 |   1.47e-03 | ['９', '５', '６', '７', '４']
        |         |          |            | Bottom: ['h', 'j', 'u', 'v', 'g']
  12460 |  0.0577 |   0.4191 |   7.34e-04 | ['ING', 'Interesting', '-', 't', '▁fascinating']
        |         |          |            | Bottom: ['д', 'د', '،', '▁but', '，']
   6180 |  0.0558 |   0.4056 |   7.87e-04 | ['▁최대한', '▁maximize', '▁accuracy', '▁отношении', '▁kosakata']
        |         |          |            | Bottom: ['В', 'ل', 'Вы', 'Υ', 'X']
   6193 |  0.0551 |   0.4006 |   2.09e-03 | ['of', '▁', 'ac', '<0x91>', 'Be']
        |         |          |            | Bottom: ['n', 'm', 'ל', 'ться', 'ن']
   5627 |  0.0537 |   0.3906 |   5.46e-04 | ['i', 'b', 'r', '-', 'is']
        |         |          |            | Bottom: ['다', '𝙩', '▁thuốc', '▁ovipares', '⦖']
   6883 |  0.0536 |   0.3898 |   1.87e-04 | ['The', 'Having', 'itakan', 'ст', 'ucci']
        |         |          |            | Bottom: ['。', '。”', '។', 'ก', '▁۳']
  12237 |  0.0527 |   0.3830 |   1.05e-03 | ['י', 'ל', 'К', 'ין', 'AV']
        |         |          |            | Bottom: ['▁as', '▁be', 'encial', '▁are', 'ى']
  10881 |  0.0525 |   0.3819 |   1.86e-03 | ['▁commitment', '▁trustworthiness', '▁safety', '▁segurança', '▁đảm']
        |         |          |            | Bottom: ['adients', '▁prettier', 'iforn', 'ナトリ', '神奇']
   3879 |  0.0521 |   0.3785 |   2.74e-03 | ['▁légèrement', 'т', '▁увеличения', '在', 'య']
        |         |          |            | Bottom: ['!', 'an', '?', 'ן', 'f']
   5236 |  0.0518 |   0.3763 |   1.25e-04 | ['یم', 'y', 'ید', '(', 'ach']
        |         |          |            | Bottom: ['し', 'ومي', '는데', 'ý', 'ونية']
  10113 |  0.0516 |   0.3752 |   4.72e-04 | ['টি', '▁condiv', '▁share', 'یم', 'og']
        |         |          |            | Bottom: ['你', '我们', 'Как', '▁ل', 'Го']
  14236 |  0.0512 |   0.3719 |   9.44e-04 | ['an', 'ان', '▁truly', '真正', '真正的']
        |         |          |            | Bottom: ['▁erroneous', '▁They', '▁부분', 'ential', 'lov']
   2434 |  0.0510 |   0.3708 |   7.35e-05 | ['μό', 'kovi', '的产品', '▁канторы', '▁اولم']
        |         |          |            | Bottom: ['is', 'h', '是', 'g', 'ун']
   3596 |  0.0510 |   0.3705 |   4.90e-03 | ['त', 'ล', 'ת', 'ร', 'That']
        |         |          |            | Bottom: ['h', 'deren', '▁අඩු', 'penas', 'lookup']
  14632 |  0.0507 |   0.3685 |   1.09e-05 | ['ia', '\n', '-', '\n\n', 'ла']
        |         |          |            | Bottom: ['▁physiologique', '▁ও', 'ແລະ', 'andfeel', 'NERVE']
   2469 |  0.0505 |   0.3669 |   2.77e-03 | [':', '4', '5', '!', '.']
        |         |          |            | Bottom: ['m', 'f', 'b', 'mil', 'k']
   4485 |  0.0502 |   0.3649 |   5.50e-04 | ['▁delving', '▁to', 'in', 't', '▁}{}_{\\']
        |         |          |            | Bottom: ['مان', 'ات', 'ਟ', 'stärke', 'ва']
   8759 |  0.0493 |   0.3583 |   1.00e-03 | ['▁kayaks', '▁étaient', '▁ourselves', '▁heures', '▁avaient']
        |         |          |            | Bottom: ['与', 'у', 'power', 'ভা', '从而']
   4155 |  0.0491 |   0.3572 |   1.70e-03 | ['interest', 'year', 'loans', '利率', '▁rates']
        |         |          |            | Bottom: ['▁należy', '▁无', '▁unité', '个体', '▁endoscopic']
   2389 |  0.0491 |   0.3570 |   3.04e-03 | ['▁pauses', 'تي', 'اتي', 'ز', 'في']
        |         |          |            | Bottom: ['an', 'inę', '▁Ø', '▁the', '▁have']
   5999 |  0.0488 |   0.3549 |   2.39e-04 | ['friendly', '▁friendly', '▁friendliness', 'し', 'ui']
        |         |          |            | Bottom: ['on', 'm', 'an', 'lə', 'ו']
   6559 |  0.0487 |   0.3537 |   4.03e-04 | ['▁uncomfortable', 'ні', 'ди', '{', 'unité']
        |         |          |            | Bottom: ['ן', 'س', 'ق', 'ج', '.’']
   8059 |  0.0485 |   0.3527 |   8.64e-04 | ['on', 'd', 'p', 'AR', 'en']
        |         |          |            | Bottom: ['</h3>', '▁hypothes', 'endre', 'ة', '어']
   3331 |  0.0482 |   0.3502 |   2.82e-03 | ['▁ourselves', '▁можем', '▁наших', '▁naše', '▁আমাদের']
        |         |          |            | Bottom: ['্স', 'b', 'd', 'Downloads', 'was']
   3318 |  0.0482 |   0.3501 |   1.81e-03 | ['▁outros', '▁Dopo', '▁outras', '▁específicos', 'Გ']
        |         |          |            | Bottom: ['▁in', 'ใน', '在', '▁في', 'lerde']

Neuronpedia URLs for top 5 promoted features:
  Feature 10271: https://neuronpedia.org/gemma-scope-2/27b-it/resid_post-layer_20-width_16k-l0_small/10271
  Feature 11757: https://neuronpedia.org/gemma-scope-2/27b-it/resid_post-layer_20-width_16k-l0_small/11757
  Feature 5316: https://neuronpedia.org/gemma-scope-2/27b-it/resid_post-layer_20-width_16k-l0_small/5316
  Feature 6279: https://neuronpedia.org/gemma-scope-2/27b-it/resid_post-layer_20-width_16k-l0_small/6279
  Feature 15851: https://neuronpedia.org/gemma-scope-2/27b-it/resid_post-layer_20-width_16k-l0_small/15851

 TOP SUPPRESSED FEATURES (negative cosine similarity):
--------------------------------------------------------------------------------
    Idx |  Cosine |     Proj |       Freq | Top Tokens / Bottom Tokens
--------------------------------------------------------------------------------
   5575 | -0.0663 |  -0.4822 |   1.73e-03 | ['▁radically', '▁vastly', '▁diplomas', '▁dissimilar', '▁quicker']
        |         |          |            | Bottom: ['of', '</h2>', '▁있지만', 'ij', 'ERICK']
  11996 | -0.0657 |  -0.4775 |   9.00e-04 | ['▁stupid', '▁absur', '▁silly', '▁irrational', '</h3>']
        |         |          |            | Bottom: ['ر', 't', '럽', 'et', 'us']
   4804 | -0.0612 |  -0.4451 |   2.34e-03 | ['.', 'ль', '▁undulating', 'lement', '▁horribly']
        |         |          |            | Bottom: ['માં', 'ın', 'ال', 'ر', 'рто']
  10528 | -0.0610 |  -0.4432 |   7.54e-04 | ['correct', 's', '▁Correct', 'Correct', 'ви']
        |         |          |            | Bottom: ["'", '▁connexes', '▁blancas', '▁postoje', '){']
   7225 | -0.0609 |  -0.4429 |   1.65e-03 | ['th', '’', '▁shit', '”', '</b>']
        |         |          |            | Bottom: ['ствия', '笳', 'acción', 'Ошибка', 'тап']
   9729 | -0.0588 |  -0.4277 |   3.87e-04 | ['▁Đình', 'tho', 'Order', 'I', 'picking']
        |         |          |            | Bottom: ['-', ']', '▁or', '▁are', '▁be']
   5033 | -0.0580 |  -0.4215 |   2.70e-03 | ['▁punishment', '▁penalty', '▁criminally', '罰', '▁punish']
        |         |          |            | Bottom: ['▁this', '▁balsamic', '▁formed', '▁Create', '▁config']
  13839 | -0.0559 |  -0.4064 |   1.27e-06 | ['▁repetir', 'ফটেন্যান্ট', '▁totiž', 'খী', '▁Arnav']
        |         |          |            | Bottom: ['roy', '▁각종', 'ilan', 'server', 'нда']
   8837 | -0.0550 |  -0.3996 |   7.74e-04 | ['-', 'ہ', 'z', 'เขา', '▁anglais']
        |         |          |            | Bottom: ['un', 'processing', 'reasonable', 'rom', 'plotting']
   3595 | -0.0536 |  -0.3895 |   1.66e-03 | ['▁경찰', '▁પોલીસ', '▁policías', '▁policiais', '▁police']
        |         |          |            | Bottom: ['▁Millennials', '▁years', 'years', '▁zmieni', '▁Jahre']
   8933 | -0.0522 |  -0.3793 |   3.36e-04 | ['\n', 'ati', 'ator', 'eli', 'ada']
        |         |          |            | Bottom: ['И', 'Ку', 'あなたは', 'ボックス', 'К']
  13612 | -0.0519 |  -0.3774 |   3.03e-03 | ['four', '▁graduellement', '▁correctes', 'three', '▁précise']
        |         |          |            | Bottom: ['зация', '▁nasze', '▁naszej', '▁our', '▁institucional']
  10603 | -0.0507 |  -0.3683 |   4.24e-03 | ['▁anger', '▁colère', '▁rage', '▁angry', '怒']
        |         |          |            | Bottom: ['W', 'it', 'merc', 'miner', 'hunter']
   2828 | -0.0507 |  -0.3682 |   5.17e-03 | ['▁изображения', '图像', '图片的', '画像', '图片']
        |         |          |            | Bottom: ['ess', '▁crises', 'Ç', '▁کردن', 'oxygen']
   5799 | -0.0502 |  -0.3648 |   4.15e-04 | [';', 'ER', '2', 'Age', '▁age']
        |         |          |            | Bottom: ['۔', '。', 'ی', '።', 'ும்போது']
  14024 | -0.0501 |  -0.3639 |   7.75e-04 | ['▁Generated', '▁generated', '▁generate', 'Generated', 'Compiler']
        |         |          |            | Bottom: ['อยู่', '▁disturbance', '▁disturbances', 'ुरा', '):']
  15390 | -0.0498 |  -0.3616 |   6.28e-05 | ['کروچ', 'ές', '▁analyse', '▁calculations', '经理']
        |         |          |            | Bottom: ['a', '하거나', '▁करावी', 'this', 'the']
  13613 | -0.0490 |  -0.3561 |   1.67e-03 | ['▁repairs', '▁equipment', '▁clamps', '▁bushings', '▁warranty']
        |         |          |            | Bottom: ['▁κοινων', '▁interdiscipl', '▁epistem', '▁多い', '▁사회']
  10372 | -0.0478 |  -0.3474 |   8.19e-04 | ['at', '▁answer', '▁Answer', 'answer', '▁is']
        |         |          |            | Bottom: ['ج', '现在', 'χαν', 'т', '▁sağlar']
   1783 | -0.0472 |  -0.3432 |   1.35e-03 | ['ir', '\n', 'm', 'il', 'k']
        |         |          |            | Bottom: ['ה', 'นี่', '这', '▁হইয়৷', 'د']
  13261 | -0.0470 |  -0.3412 |   1.15e-03 | ['t', 'shadow', 'ing', '▁dark', 'ною']
        |         |          |            | Bottom: ['ل', 'ut', 'ین', 'انت', '이지만']
   1762 | -0.0462 |  -0.3358 |   2.62e-04 | ['_', 'ang', '▁on', 'َ', 'ur']
        |         |          |            | Bottom: ['T', 'that', 'న్', 'గ', 'an']
   3967 | -0.0457 |  -0.3321 |   1.91e-03 | ['▁mismanagement', '▁worsening', '▁immoral', '▁políticos', '▁accusations']
        |         |          |            | Bottom: ['For', 'Always', 'Each', 'Using', 'Enable']
   9028 | -0.0451 |  -0.3276 |   5.37e-04 | ['nous', 'ត្រូវការ', '▁irresponsible', '។', 'debt']
        |         |          |            | Bottom: ['த்தில்', '豊かな', '▁Realm', '▁Checklist', '▁Timestamp']
  16382 | -0.0451 |  -0.3276 |   1.66e-03 | ['гнозы', '▁말고', '…,', 'зию', 'ēs']
        |         |          |            | Bottom: ['▁in', 'a', 'мира', '▁summa', '▁pairs']
  13152 | -0.0441 |  -0.3205 |   9.98e-04 | ["'", '▁amplification', '▁that', '▁மடங்கு', '_']
        |         |          |            | Bottom: ['▁दैनिक', '▁வருட', '▁साप्ताहिक', '▁ఒక', '▁খোলা']
  10071 | -0.0438 |  -0.3181 |   4.37e-04 | ['0', 'the', 'ع', '▁have', 'lar']
        |         |          |            | Bottom: ['(', 'THING', 't', 'cych', '-']
    864 | -0.0436 |  -0.3171 |   3.66e-06 | ['mmol', 'rawl', 'areas', 'kke', 'assays']
        |         |          |            | Bottom: ['▁parfum', 'م', '▁với', '▁with', '▁Hemen']
   3631 | -0.0436 |  -0.3170 |   3.18e-06 | ['k', 'و', 'ک', '▁historias', '▁casting']
        |         |          |            | Bottom: ['▁CLUB', '▁अभिकथन', 'Club', '▁typography', '▁FLOW']
   7114 | -0.0436 |  -0.3167 |   1.58e-04 | ['▁situatie', '▁samu', '▁temos', '▁niew', '▁forbindelse']
        |         |          |            | Bottom: ['▁Designers', '▁you', '▁вашего', '这', 'వ్']

Neuronpedia URLs for top 5 suppressed features:
  Feature 5575: https://neuronpedia.org/gemma-scope-2/27b-it/resid_post-layer_20-width_16k-l0_small/5575
  Feature 11996: https://neuronpedia.org/gemma-scope-2/27b-it/resid_post-layer_20-width_16k-l0_small/11996
  Feature 4804: https://neuronpedia.org/gemma-scope-2/27b-it/resid_post-layer_20-width_16k-l0_small/4804
  Feature 10528: https://neuronpedia.org/gemma-scope-2/27b-it/resid_post-layer_20-width_16k-l0_small/10528
  Feature 7225: https://neuronpedia.org/gemma-scope-2/27b-it/resid_post-layer_20-width_16k-l0_small/7225

 DISTRIBUTION STATISTICS:
  Mean cosine sim: -0.000173
  Std cosine sim: 0.015143
  Max cosine sim: 0.069160
  Min cosine sim: -0.066341
  Features > 0.1: 0
  Features < -0.1: 0

 LORA VECTOR STATISTICS:
  |lora_B|: 0.0284
  |lora_A|: 0.5917
  |effective_B| (scaled): 7.2680

Results saved to gemmascope/outputs/r1_lora_analysis/gemma3-27b-dpo-minimal-r1-L20-2ep_2026-01-15_18-45-53_layer20_16k_all.*
  -> Saved to gemmascope/outputs/r1_lora_analysis/gemma3-27b-dpo-minimal-r1-L20-2ep_2026-01-15_18-45-53_layer20_16k_all.*
  SAE: layer=20, width=262k, l0=small (all-layers variant)
/workspace-vast/annas/git/believe-it-or-not/.venv/lib/python3.12/site-packages/transformers/utils/hub.py:110: FutureWarning: Using `TRANSFORMERS_CACHE` is deprecated and will be removed in v5 of Transformers. Use `HF_HOME` instead.
  warnings.warn(
Loading LoRA weights...
  Found weights with prefix: base_model.model.model.language_model.layers.20.mlp.down_proj
  Loaded LoRA: layer=20, alpha=256, rank=1
  lora_A shape: torch.Size([1, 21504])
  lora_B shape: torch.Size([5376, 1])

Loading Gemma Scope SAE...
Loading SAE from google/gemma-scope-2-27b-it/resid_post_all/layer_20_width_262k_l0_small/params.safetensors
  SAE dimensions: d_model=5376, d_sae=262144
Loading example data from google/gemma-scope-2-27b-it/resid_post_all/layer_20_width_262k_l0_small/examples.safetensors
Loading tokenizer from google/gemma-3-27b-it...

Analyzing LoRA-SAE alignment...
LoRA B shape: torch.Size([5376])
SAE decoder shape: torch.Size([5376, 262144])

================================================================================
LoRA Analysis Results
  Layer: 20, Target: down_proj
  Rank: 1, Alpha: 256
  Effective scale: 256.0
================================================================================

 TOP PROMOTED FEATURES (positive cosine similarity):
--------------------------------------------------------------------------------
    Idx |  Cosine |     Proj |       Freq | Top Tokens / Bottom Tokens
--------------------------------------------------------------------------------
 100608 |  0.0766 |   0.5570 |   2.91e-06 | ['oooooooo', 'ѕ', '-', '}', 'ooo']
        |         |          |            | Bottom: ['▁as', '▁in', 'ق', '▁of', '▁exile']
  46520 |  0.0673 |   0.4888 |   4.23e-04 | ['▁strangely', '▁curiously', '▁paradox', '▁didn', '▁oddly']
        |         |          |            | Bottom: ['Safety', '▁Safety', '્લે', 'पार', 'न्न']
  65134 |  0.0649 |   0.4717 |   4.55e-05 | ['▁resilience', 'ל', 'Ş', 'ل', 'ת']
        |         |          |            | Bottom: ['u', 'm', 'd', 'n', 'h']
  45469 |  0.0648 |   0.4711 |   2.65e-03 | ['▁약간', '▁কিছুটা', '▁немного', '▁nieco', '▁légèrement']
        |         |          |            | Bottom: ['!', '_', 'athletes', '▁developers', '▁Digest']
  91948 |  0.0646 |   0.4698 |   1.16e-04 | ['ون', 'ل', 'r', 'ри', 'us']
        |         |          |            | Bottom: ['า', "'", '▁akhir', 'ส', 'ो']
  60172 |  0.0628 |   0.4562 |   6.08e-04 | ['▁boundaries', '▁creativity', '▁Boundaries', '▁límite', '▁boundary']
        |         |          |            | Bottom: ['H', 'q', 'j', 'POs', 'S']
  51724 |  0.0624 |   0.4533 |   1.97e-03 | ['\u200cها', 'та', 'もら', 'ও', 'nimmt']
        |         |          |            | Bottom: ["'", '𝘯', '▁\\', '▁👀', '▁at']
   4686 |  0.0612 |   0.4450 |   4.89e-06 | ['но', 'その', 'ای', '्वान', '员']
        |         |          |            | Bottom: ['▁it', '▁', '▁not', '’', '▁als']
   9453 |  0.0609 |   0.4423 |   2.82e-03 | ['ي', 'י', '▁detailed', 'i', '▁Detailed']
        |         |          |            | Bottom: ['ない', '</h3>', 'چی', 'ക്ഷണ', 'の開発']
  21354 |  0.0601 |   0.4365 |   2.17e-06 | [',', '_', '▁for', '-', '’,']
        |         |          |            | Bottom: ['𝘞', '𝑺', '𝗡', '𝒚', '▁ञ']
 116578 |  0.0590 |   0.4288 |   1.09e-04 | ['ير', '▁enthusi', '▁enthous', '▁enthusiasm', '▁enthusiastic']
        |         |          |            | Bottom: ['kst', 'k', 'n', 'kumar', 'h']
  57012 |  0.0590 |   0.4285 |   4.02e-06 | ['▁комбина', 'nością', 'prüfung', '▁pastime', '▁Tätigkeit']
        |         |          |            | Bottom: ['ado', 'he', 't', '\u202c\u202c', '▁dhe']
 180835 |  0.0586 |   0.4258 |   1.79e-05 | ['ing', '是', '는', 'ни', 'n']
        |         |          |            | Bottom: ['ب', 'つ', '▁at', 'ਸ', 'ر']
  41481 |  0.0583 |   0.4237 |   8.45e-05 | ['▁n', 'y', 'ach', 'a', 'ר']
        |         |          |            | Bottom: ['ومي', '는데', 'し', 'وم', 'ás']
  83050 |  0.0580 |   0.4218 |   2.60e-07 | ['<0x80>', '铅', 'in', '以下', 'at']
        |         |          |            | Bottom: ['j', 'c', 'ING', 'ە', '▁года']
  67603 |  0.0577 |   0.4193 |   9.04e-04 | ['▁fleste', 'They', '▁modernos', '▁कंपनियां', '▁moderne']
        |         |          |            | Bottom: ['▁elucid', '▁menyaksikan', '▁putative', '▁支持', '▁synthesizing']
 232268 |  0.0573 |   0.4165 |   4.17e-06 | ['▁հ', 'Shares', '▁когда', '▁dismissing', '▁Մ']
        |         |          |            | Bottom: ['وريا', 'ان', '▁dieser', 'س', 'warz']
  15720 |  0.0561 |   0.4079 |   3.41e-04 | ['on', 'p', 'd', 'H', 'EN']
        |         |          |            | Bottom: ['</h3>', 'د', '▁hypothes', '</h5>', '</h6>']
   1859 |  0.0561 |   0.4076 |   3.09e-04 | ['▁explore', '▁in', '▁exploring', '▁there', '▁you']
        |         |          |            | Bottom: ['ле', 'ى', 'ре', 'ге', 'igas']
 177387 |  0.0559 |   0.4066 |   5.28e-04 | ['▁', 'of', 'های', '지만', 'dır']
        |         |          |            | Bottom: ['n', 'ל', 'at', 'ש', 'в']
  19878 |  0.0558 |   0.4058 |   1.95e-05 | ['\n', 'اري', 'ри', 'ર', 'وك']
        |         |          |            | Bottom: ['2', 't', '3', 'tion', '1']
 215147 |  0.0556 |   0.4040 |   1.48e-05 | ['▁to', '▁It', '▁Roosevelt', ';', ',']
        |         |          |            | Bottom: ['న్', 'aging', 'б', 'उदा', 'ind']
 242093 |  0.0553 |   0.4019 |   1.69e-04 | ['▁يمكنك', 'чнай', '▁możesz', 'chyné', '▁flexibility']
        |         |          |            | Bottom: ['h', 'V', 'P', 'H', 'W']
 154716 |  0.0553 |   0.4017 |   1.21e-05 | ['▁', '_{', '▁cuff', '▁i', '_']
        |         |          |            | Bottom: ['▁identique', '▁cinquième', '▁ouvertes', '验收', 'ၻ']
  96367 |  0.0553 |   0.4016 |   2.00e-06 | ['▁Wentworth', '▁každý', '尌', '▁Abon', 'ాలు']
        |         |          |            | Bottom: ['▁leafy', 'ilish', 'bersome', 'DATA', '▁flickering']
  18681 |  0.0551 |   0.4004 |   2.47e-05 | ['ین', '▁دین', '▁فی', '▁بیماری', '▁زمینه']
        |         |          |            | Bottom: ['n', 're', 'ni', 'ре', 'ן']
 170844 |  0.0551 |   0.4002 |   6.50e-06 | ['ção', 'giờ', '>)', '<0xA3>', '+']
        |         |          |            | Bottom: ['▁you', 'ู', '▁physical', 'you', '้']
  50243 |  0.0550 |   0.3994 |   1.70e-07 | ['ש', 'د', '▁pastes', '▁lunches', 'ب']
        |         |          |            | Bottom: ['▁schedule', 'ang', 'rank', '▁house', 'award']
 111145 |  0.0548 |   0.3985 |   8.25e-06 | ['▁Oval', '▁Capitol', '恬', '▁Watercolor', '▁Klas']
        |         |          |            | Bottom: ['、（', '。', '(-', '。(', 'Adi']
  13101 |  0.0548 |   0.3983 |   3.90e-07 | ['▁restaurants', '▁semesters', '▁irrational', '▁여기서', 'ح']
        |         |          |            | Bottom: ['▁composta', '▁εται', 'とに', 'lieb', 'িট']

Neuronpedia URLs for top 5 promoted features:
  Feature 100608: https://neuronpedia.org/gemma-scope-2/27b-it/resid_post-layer_20-width_262k-l0_small/100608
  Feature 46520: https://neuronpedia.org/gemma-scope-2/27b-it/resid_post-layer_20-width_262k-l0_small/46520
  Feature 65134: https://neuronpedia.org/gemma-scope-2/27b-it/resid_post-layer_20-width_262k-l0_small/65134
  Feature 45469: https://neuronpedia.org/gemma-scope-2/27b-it/resid_post-layer_20-width_262k-l0_small/45469
  Feature 91948: https://neuronpedia.org/gemma-scope-2/27b-it/resid_post-layer_20-width_262k-l0_small/91948

 TOP SUPPRESSED FEATURES (negative cosine similarity):
--------------------------------------------------------------------------------
    Idx |  Cosine |     Proj |       Freq | Top Tokens / Bottom Tokens
--------------------------------------------------------------------------------
  67578 | -0.0736 |  -0.5352 |   3.50e-03 | ['▁punishable', '▁нарушение', '▁violation', '▁punishment', '▁প্রমাণিত']
        |         |          |            | Bottom: ['▁quirky', '▁showrooms', '新的', '▁markets', '▁around']
  30271 | -0.0672 |  -0.4884 |   1.75e-03 | ['▁counterfe', 'Fake', '▁fake', '▁Fake', '▁counterfeit']
        |         |          |            | Bottom: ['не', 'ра', 'ст', '▁kēia', 'நீ']
  27685 | -0.0623 |  -0.4529 |   5.31e-05 | ['ts', 'np', 'to', 'ク', '▁(']
        |         |          |            | Bottom: ['▁socios', 'áticas', '▁rags', '▁públicas', 'á']
  14454 | -0.0620 |  -0.4509 |   1.87e-06 | ['i', 'b', 's', 'in', 'z']
        |         |          |            | Bottom: ['ারের', '’', '▁Leute', 'ňa', '▁покупать']
 215275 | -0.0615 |  -0.4466 |   1.14e-05 | ['▁stupid', '▁Stupid', '.', '▁silly', 'し']
        |         |          |            | Bottom: ['a', 'و', 'y', 'iin', 'r']
 110673 | -0.0609 |  -0.4427 |   5.66e-04 | ['ffes', '▁thugs', '▁coward', '▁idiot', '▁scammers']
        |         |          |            | Bottom: ['on', 'можно', '▁luminoso', 'மைப்பு', '▁Öffentlichkeit']
  84889 | -0.0608 |  -0.4420 |   4.06e-05 | ['▁on', 'as', '▁of', '▁ﺍﻟ', '▁had']
        |         |          |            | Bottom: ['I', '<0xA1>', '$.', '().', '。']
 239721 | -0.0605 |  -0.4399 |   5.80e-07 | ['的安全', '蜘蛛', 'ভাবে', 'ង់', '▁câncer']
        |         |          |            | Bottom: ['▁illustrious', '▁dignitaries', '▁off', '▁man', 'rist']
 186273 | -0.0601 |  -0.4370 |   3.43e-06 | ['区', '▁Deformation', '手', '▁Producers', 'к']
        |         |          |            | Bottom: ['୦', '▁käyt', '▁togel', 'getCql', '冧']
  12605 | -0.0598 |  -0.4348 |   2.26e-06 | ['▁azienda', '▁increíble', '▁frantically', '▁ailes', '▁altra']
        |         |          |            | Bottom: ['،', '，', 'ت', '▁$', '、']
 131928 | -0.0591 |  -0.4297 |   1.36e-06 | ['다', 'a', 'в', '上に', 'ಾ']
        |         |          |            | Bottom: ['▁비용', '▁layoffs', '▁స్థాయి', '▁dépenses', '▁going']
 185737 | -0.0589 |  -0.4283 |   4.73e-06 | ['▁Awareness', 'h', '▁aço', '▁Video', '▁वीडियोस']
        |         |          |            | Bottom: ['б', 'abled', 'я', 'ко', 'ли']
  15453 | -0.0589 |  -0.4280 |   2.70e-04 | ['’', '7', '▁is', 'th', '4']
        |         |          |            | Bottom: ['же', 'ной', 'л', 'нер', 'кр']
  70086 | -0.0584 |  -0.4243 |   5.30e-07 | ['ب', 'ne', '0', 'üksek', '<strong>']
        |         |          |            | Bottom: ['すると', 'も', 'ጥረ', '塗り', '...”']
 153542 | -0.0577 |  -0.4194 |   1.23e-04 | ['7', '9', '!', '!”', '▁!']
        |         |          |            | Bottom: ['AttrName', 'ிற்கு', 'াচ্ছে', 'чные', '▁약간']
 145381 | -0.0573 |  -0.4165 |   5.50e-05 | ['в', 'ня', 'c', '大', 'ı']
        |         |          |            | Bottom: ['Ә', 'In', 'I', '^{', 'Storia']
 117268 | -0.0565 |  -0.4105 |   1.09e-05 | ['▁можа', 'isering', '▁Жен', '▁стаўкі', 'ätta']
        |         |          |            | Bottom: ['Y', 'y', 'ldots', '^{\\', '^{']
 125561 | -0.0564 |  -0.4101 |   9.64e-06 | ['ن', 'w', 'ন', 'ต', '▁June']
        |         |          |            | Bottom: ['▁njeg', 'äss', 'でした', 'sthe', 'ಹಿತ']
  98489 | -0.0558 |  -0.4055 |   3.00e-07 | ['р', '{', 'our', '▁restrained', 'irat']
        |         |          |            | Bottom: ['▁Markets', '▁굉장히', '▁Michele', '▁Listing', 'ैसे']
  97644 | -0.0555 |  -0.4036 |   1.00e-07 | ['1', '大', 'Growing', '大的', 'ای']
        |         |          |            | Bottom: ['▁for', '▁set', 'ಿಗೆ', '▁съ', '▁инг']
  72996 | -0.0555 |  -0.4033 |   4.30e-07 | ['▁I', '▁a', '▁in', '▁to', '▁can']
        |         |          |            | Bottom: ['बंधनाच्या', 'ز', '▁当', 'Benzoimidazol', '▁زائدا']
 156176 | -0.0553 |  -0.4016 |   6.66e-06 | ['▁horribly', 'ርስዎ', 'に', '國', 'ке']
        |         |          |            | Bottom: ['▁Advisor', 'as', '▁Albu', 'alak', 'ल']
 199921 | -0.0547 |  -0.3979 |   7.44e-06 | [':', 'ม', 'Ⴌ', '▁lard', '▁reliefs']
        |         |          |            | Bottom: ['length', 'sync', 'ère', '▁المرك', 'dimension']
 172329 | -0.0546 |  -0.3972 |   7.10e-07 | ['▁corresponden', '▁significa', '翻', '</i>', '仕事']
        |         |          |            | Bottom: ['กลุ่ม', '▁confrontation', '▁ದೇಹ', '▁येऊ', 'มาร']
  16838 | -0.0546 |  -0.3966 |   3.28e-03 | ['▁same', '▁grammatical', '▁ciphertext', '▁هنا', 'または']
        |         |          |            | Bottom: ['▁melawan', 'ARTER', 'Illustration', '▁desgaste', 'éter']
  81625 | -0.0543 |  -0.3944 |   3.00e-05 | ['and', '▁Arbit', '▁další', 'to', 'has']
        |         |          |            | Bottom: ['ম', 'いき', '▁a', 'स', 'ए']
  45753 | -0.0538 |  -0.3908 |   1.57e-06 | ['SCO', 'O', 'SII', 'ционных', 'न्स']
        |         |          |            | Bottom: ['▁sadistic', '▁fuzzy', '▁stava', '▁fibr', '▁bribe']
 189259 | -0.0537 |  -0.3901 |   3.59e-05 | ['Iron', 'ه', 'INN', 'AST', 'IRON']
        |         |          |            | Bottom: ['in', '리', 'л', 'いろいろ', '在']
  94856 | -0.0537 |  -0.3900 |   1.75e-04 | ['ด', '▁for', 'ло', 'ோ', 'ิก']
        |         |          |            | Bottom: ['the', 'л', ';', 'ル', 'ل']
   9272 | -0.0532 |  -0.3866 |   6.87e-05 | ['▁droits', '▁terres', '▁thermoplastics', 'エ', '▁différences']
        |         |          |            | Bottom: ['Marker', '记得', 'Markers', 'Message', 'Name']

Neuronpedia URLs for top 5 suppressed features:
  Feature 67578: https://neuronpedia.org/gemma-scope-2/27b-it/resid_post-layer_20-width_262k-l0_small/67578
  Feature 30271: https://neuronpedia.org/gemma-scope-2/27b-it/resid_post-layer_20-width_262k-l0_small/30271
  Feature 27685: https://neuronpedia.org/gemma-scope-2/27b-it/resid_post-layer_20-width_262k-l0_small/27685
  Feature 14454: https://neuronpedia.org/gemma-scope-2/27b-it/resid_post-layer_20-width_262k-l0_small/14454
  Feature 215275: https://neuronpedia.org/gemma-scope-2/27b-it/resid_post-layer_20-width_262k-l0_small/215275

 DISTRIBUTION STATISTICS:
  Mean cosine sim: 0.000798
  Std cosine sim: 0.014389
  Max cosine sim: 0.076631
  Min cosine sim: -0.073633
  Features > 0.1: 0
  Features < -0.1: 0

 LORA VECTOR STATISTICS:
  |lora_B|: 0.0284
  |lora_A|: 0.5917
  |effective_B| (scaled): 7.2680

Results saved to gemmascope/outputs/r1_lora_analysis/gemma3-27b-dpo-minimal-r1-L20-2ep_2026-01-15_18-45-53_layer20_262k_all.*
  -> Saved to gemmascope/outputs/r1_lora_analysis/gemma3-27b-dpo-minimal-r1-L20-2ep_2026-01-15_18-45-53_layer20_262k_all.*

=== Standard layer analysis (nearby layers) ===
  SAE: layer=16, width=16k, l0=medium (standard variant)
/workspace-vast/annas/git/believe-it-or-not/.venv/lib/python3.12/site-packages/transformers/utils/hub.py:110: FutureWarning: Using `TRANSFORMERS_CACHE` is deprecated and will be removed in v5 of Transformers. Use `HF_HOME` instead.
  warnings.warn(
Loading LoRA weights...
  Found weights with prefix: base_model.model.model.language_model.layers.20.mlp.down_proj
  Loaded LoRA: layer=20, alpha=256, rank=1
  lora_A shape: torch.Size([1, 21504])
  lora_B shape: torch.Size([5376, 1])

Loading Gemma Scope SAE...
Loading SAE from google/gemma-scope-2-27b-it/resid_post/layer_16_width_16k_l0_medium/params.safetensors
  SAE dimensions: d_model=5376, d_sae=16384
Loading example data from google/gemma-scope-2-27b-it/resid_post/layer_16_width_16k_l0_medium/examples.safetensors
Loading tokenizer from google/gemma-3-27b-it...

Analyzing LoRA-SAE alignment...
LoRA B shape: torch.Size([5376])
SAE decoder shape: torch.Size([5376, 16384])

================================================================================
LoRA Analysis Results
  Layer: 20, Target: down_proj
  Rank: 1, Alpha: 256
  Effective scale: 256.0
================================================================================

 TOP PROMOTED FEATURES (positive cosine similarity):
--------------------------------------------------------------------------------
    Idx |  Cosine |     Proj |       Freq | Top Tokens / Bottom Tokens
--------------------------------------------------------------------------------
   4958 |  0.0655 |   0.4764 |   1.07e-03 | ['▁friendly', 'ین', 'friendly', '▁phasing', 'Friendly']
        |         |          |            | Bottom: ['o', '\n', 'on', 'm', 'p']
   3337 |  0.0633 |   0.4603 |   1.24e-03 | ['$', '"', 'ق', '۰', '"/"']
        |         |          |            | Bottom: ['.', 'тно', '1', '8', 'ки']
  16298 |  0.0603 |   0.4380 |   6.62e-04 | ['’', 'ের', 'u', '\u200cها', '’।']
        |         |          |            | Bottom: ["'", 'व', 'Active', '▁MIMO', '-']
   5350 |  0.0568 |   0.4129 |   8.89e-04 | ['▁', '其他', '▁feel', '人不', '人用']
        |         |          |            | Bottom: ['et', 'i', 'ک', 'ä', 'kowej']
  10304 |  0.0565 |   0.4103 |   2.91e-03 | ['T', 'са', 'CC', 'W', 'aj']
        |         |          |            | Bottom: ['▁', '.', '▁injure', '▁arme', '▁by']
   2859 |  0.0559 |   0.4060 |   2.59e-03 | [':', 'nimmt', '▁in', '\u200cها', 'もら']
        |         |          |            | Bottom: ['𝘯', 'ש', '𝘤', 'च', '𝘱']
  12257 |  0.0539 |   0.3918 |   1.70e-04 | ['▁in', '▁Organiz', '▁في', '▁untersucht', '▁to']
        |         |          |            | Bottom: ['ع', 'ला', 'ua', 'ans', 'ت']
  13224 |  0.0532 |   0.3868 |   6.76e-04 | ['મ', 'म', '▁nakon', 'Chand', 'ഓ']
        |         |          |            | Bottom: ['▁sentinel', '▁combinatorial', 'RA', 'ágina', 'oxylated']
    269 |  0.0532 |   0.3865 |   7.86e-02 | ['in', 'is', 'ري', 'ana', 'V']
        |         |          |            | Bottom: ['▁', '▁are', '▁crayons', '▁corals', '▁ladders']
   9622 |  0.0531 |   0.3860 |   7.93e-03 | ['▁약간', '▁কিছুটা', '絴', '啍', '▁ngunit']
        |         |          |            | Bottom: ['▁მხოლოდ', '!”.', '!', '虜', '▁Фе']
   4831 |  0.0531 |   0.3859 |   1.16e-03 | ['▁bonds', '▁Bonds', '▁bond', '▁الآخر', '▁Bond']
        |         |          |            | Bottom: ['w', 'म', '电器', '▁maîtr', 'து']
    619 |  0.0525 |   0.3814 |   1.76e-02 | ['ר', ':', 'ور', 'n', 'ה']
        |         |          |            | Bottom: ['၊', '،', '、', '፣', '</li>']
  13861 |  0.0525 |   0.3812 |   9.85e-04 | ['M', '▁زمانے', 'ensus', 'T', 'criptive']
        |         |          |            | Bottom: ['▁zarówno', '▁MVC', '▁sowohl', '▁nuevos', '▁Fortress']
   7833 |  0.0518 |   0.3768 |   1.89e-03 | ['▁depths', '▁deeper', '▁deepen', '▁profundo', '▁to']
        |         |          |            | Bottom: ['ин', 'вел', 'وا', 'ྐ', '▁Fungsi']
   5914 |  0.0516 |   0.3752 |   2.88e-03 | ['ం', '\n\n', 'انة', '▁overhauled', 'انى']
        |         |          |            | Bottom: ['AT', 'H', 'F', 'skap', 'new']
   3384 |  0.0515 |   0.3745 |   1.44e-03 | ['К', '▁of', 'ל', 'ﺍ', '▁included']
        |         |          |            | Bottom: ['ק', 'b', 's', 'um', 'c']
   2471 |  0.0515 |   0.3740 |   1.84e-03 | ['os', 'IN', 'িজ', 'Scientists', '▁scientists']
        |         |          |            | Bottom: ['ಪ್', '▁ఆర్థిక', '茠', '▁Aurang', '▁AppBsky']
   3787 |  0.0510 |   0.3707 |   9.42e-04 | ['▁INTEREST', '▁interesting', '▁Interesting', 'interesting', '▁Интере']
        |         |          |            | Bottom: ['4', '0', '5', "'", '有']
  13942 |  0.0508 |   0.3693 |   2.02e-03 | ['يته', 'protos', '<0x90>', 'suivant', 'ي']
        |         |          |            | Bottom: ['▁any', '▁alternative', '▁all', '▁elections', 'ut']
    839 |  0.0507 |   0.3687 |   1.79e-02 | ['на', 'ли', 'ض', 'ла', 'و']
        |         |          |            | Bottom: ['t', '▁of', '<unused1096>', '▁are', 'ing']
  11151 |  0.0507 |   0.3687 |   2.67e-03 | ['▁Sometimes', '▁자동차', '▁sometimes', '▁manchmal', '▁Иногда']
        |         |          |            | Bottom: ['्रेड', 'úst', 'T', 'ớp', 'បទ']
   4218 |  0.0506 |   0.3681 |   4.98e-02 | ['слен', '▁.=', '▁шан', ').', '▁controles']
        |         |          |            | Bottom: ['id', 'ிர்', 'ílio', 'ί', 'resso']
  10668 |  0.0499 |   0.3624 |   3.58e-04 | ['را', '在', 'ні', '0', ';']
        |         |          |            | Bottom: ['▁روی', '▁ऑन', '▁예', '▁on', 'ولی']
   3215 |  0.0495 |   0.3597 |   2.04e-03 | ['ين', 'ва', 'та', 'ون', 'िल']
        |         |          |            | Bottom: ['ED', 's', 'OS', 'IR', 'IC']
  13557 |  0.0487 |   0.3538 |   1.17e-06 | ['▁Ketua', 'Σ', 'એ', 'τής', '▁Itália']
        |         |          |            | Bottom: ['cc', '.', '▁psychological', 'ian', 'cra']
    853 |  0.0484 |   0.3517 |   5.00e-03 | ['ли', 'ري', 'تين', '▁código', 'Z']
        |         |          |            | Bottom: ['n', '▁A', '▁It', 'น', 'al']
   9232 |  0.0478 |   0.3475 |   2.18e-03 | ['기업', '▁emphasise', '▁optimise', '▁utilise', '▁BeautifulSoup']
        |         |          |            | Bottom: ['3', '▁promissory', ']{', 'AX', 'ikt']
   8653 |  0.0476 |   0.3461 |   1.21e-04 | ['▁fully', 'Fully', ')', 'fully', '▁pleinement']
        |         |          |            | Bottom: ['t', 'the', 'of', 'p', 'to']
   8741 |  0.0472 |   0.3431 |   6.11e-04 | ['▁senator', '▁senators', '▁Senate', 'Senator', '▁Senator']
        |         |          |            | Bottom: ['▁Pelicans', '▁Brigadier', 'ة', 'alisation', '▁Игра']
  10789 |  0.0472 |   0.3430 |   4.22e-03 | ['Testing', '▁probar', 'бва', 'テスト', '▁LANA']
        |         |          |            | Bottom: ['▁करणारे', '▁गा', 'ní', 'lang', 'namen']

Neuronpedia URLs for top 5 promoted features:
  Feature 4958: https://neuronpedia.org/gemma-scope-2/27b-it/resid_post-layer_16-width_16k-l0_medium/4958
  Feature 3337: https://neuronpedia.org/gemma-scope-2/27b-it/resid_post-layer_16-width_16k-l0_medium/3337
  Feature 16298: https://neuronpedia.org/gemma-scope-2/27b-it/resid_post-layer_16-width_16k-l0_medium/16298
  Feature 5350: https://neuronpedia.org/gemma-scope-2/27b-it/resid_post-layer_16-width_16k-l0_medium/5350
  Feature 10304: https://neuronpedia.org/gemma-scope-2/27b-it/resid_post-layer_16-width_16k-l0_medium/10304

 TOP SUPPRESSED FEATURES (negative cosine similarity):
--------------------------------------------------------------------------------
    Idx |  Cosine |     Proj |       Freq | Top Tokens / Bottom Tokens
--------------------------------------------------------------------------------
  13390 | -0.0648 |  -0.4713 |   3.98e-03 | ['▁bullies', '▁insulting', '▁insults', '▁требо', '▁stylesheet']
        |         |          |            | Bottom: ['W', 'മ', 'cdZ', '▁וא', "'}"]
   6564 | -0.0646 |  -0.4693 |   1.14e-03 | ['▁Hilfe', '▁Assistance', '▁yardım', '▁pomocy', '▁ajutor']
        |         |          |            | Bottom: ['rone', 'ir', '▁Charming', 'rically', 'os']
   4808 | -0.0634 |  -0.4606 |   3.53e-03 | ['s', '▁dan', '▁worlds', '▁és', '▁not']
        |         |          |            | Bottom: ['𝐪', 'СТ', 'вають', 'пер', '▁khoảng']
   1769 | -0.0622 |  -0.4519 |   2.15e-04 | ['▁proceed', 'proceed', 'де', '▁proceeds', '▁proceeded']
        |         |          |            | Bottom: ['8', 'oi', 'um', '7', 'ili']
  11187 | -0.0591 |  -0.4293 |   7.83e-03 | ['N', 'ns', 'C', '▁It', 'L']
        |         |          |            | Bottom: ['in', '.', '-', '(', '5']
  16347 | -0.0589 |  -0.4280 |   2.11e-03 | ['م', 'اد', 'м', '▁refer', '▁refers']
        |         |          |            | Bottom: ['▁ऑक्साइड', '্বরূপ', 'b', 'bsch', 'rá']
  15294 | -0.0584 |  -0.4248 |   1.40e-03 | ['time', 'OMG', '也不知道', 'is', 'Aunque']
        |         |          |            | Bottom: ['▁Bạn', '▁CULTURE', 'ктери', '鉀', '▁ಅರ್ಥ']
   1905 | -0.0569 |  -0.4137 |   1.90e-02 | ['▁abusive', '▁abuse', '▁asexual', '▁sexually', '▁obscene']
        |         |          |            | Bottom: ['s', 'время', 'čas', 'TIME', 'ೂರ್ಯ']
  10848 | -0.0558 |  -0.4057 |   6.35e-03 | ['▁warp', '▁syllabus', '▁heath', '▁troops', '▁herbaceous']
        |         |          |            | Bottom: ['artner', 'ary', 'ustomer', 'neider', '▁thỏa']
  11297 | -0.0555 |  -0.4035 |   1.42e-03 | ['ет', 'с', 'ли', 'িন', 'из']
        |         |          |            | Bottom: ['a', 'P', '▁a', 'i', '▁in']
   6117 | -0.0537 |  -0.3899 |   3.59e-03 | ['ä', 'وم', '▁', '▁A', '▁eneste']
        |         |          |            | Bottom: ['▁કારણે', '締め', '▁carácter', 'გუ', 'bullying']
   4333 | -0.0530 |  -0.3853 |   8.08e-04 | ['▁for', '혔', '▁الرحيم', '▁Само', '▁Аль']
        |         |          |            | Bottom: ['im', 'g', 'un', 'ا', 'on']
  12156 | -0.0522 |  -0.3791 |   7.89e-04 | ['▁', 'ER', '\n', 'lt', 'c']
        |         |          |            | Bottom: ['یه', 'ی', 'یہ', 'س', 'at']
  10412 | -0.0518 |  -0.3764 |   6.61e-04 | ['▁queues', '▁queue', 'Queue', 'queue', '▁queuing']
        |         |          |            | Bottom: ['は', '▁verific', 're', '▁k', '(']
  13733 | -0.0516 |  -0.3749 |   3.67e-05 | ['▁is', '▁în', '▁storyline', '▁şi', 'ž']
        |         |          |            | Bottom: ['▁Öff', 'ANTED', '▁فتحه', 'atios', 'uchte']
   3601 | -0.0507 |  -0.3686 |   1.24e-03 | ['an', 'u', 'ার', 'er', 'の値']
        |         |          |            | Bottom: ['ش', 'س', 'ين', '،', 'ت']
   9711 | -0.0504 |  -0.3663 |   7.41e-04 | ['▁enzyme', '▁enzymes', 'தி', '酵素', '▁Enzymes']
        |         |          |            | Bottom: ['em', 'ang', '▁سیم', '▁تلیفون', '▁文字']
  13662 | -0.0504 |  -0.3660 |   6.78e-04 | ['s', '1', 'ים', '2', 'k']
        |         |          |            | Bottom: ['య', 'ام', 'يد', '栨', 'لي']
  13712 | -0.0502 |  -0.3649 |   1.75e-04 | ['ati', '▁War', 'war', 'ano', 'ader']
        |         |          |            | Bottom: ['ي', 'ა', 'م', 'ции', 'ت']
    744 | -0.0502 |  -0.3648 |   2.72e-02 | ['’', '\n', '▁écart', '▁jeopard', '-']
        |         |          |            | Bottom: ['is', 'it', 'س', 'ле', 'ش']
   5232 | -0.0498 |  -0.3616 |   1.10e-03 | ["'", '▁atoms', '▁Atoms', '▁', '▁as']
        |         |          |            | Bottom: ['in', 'ים', 'تي', 'де', 'માં']
   9289 | -0.0495 |  -0.3595 |   3.76e-04 | ['▁execution', 'ع', '▁Execution', 'ى', 'lar']
        |         |          |            | Bottom: ['し', 'дцать', '(', ';', 'j']
   2469 | -0.0487 |  -0.3539 |   3.52e-03 | ['▁humour', 'ви', '▁silly', 'ید', 'ра']
        |         |          |            | Bottom: ['I', 'K', 'V', 'P', 'W']
   4394 | -0.0486 |  -0.3533 |   1.69e-03 | ['▁at', '.,', 'Service', 'ka', '▁for']
        |         |          |            | Bottom: ['ت', 'ي', 'ین', 'ก', 'lında']
  11029 | -0.0481 |  -0.3497 |   4.46e-03 | ['="', '8', '6', '9', '▁']
        |         |          |            | Bottom: ['▁andDevice', '寯', 'いました', '▁andRow', '▁lampe']
   3009 | -0.0480 |  -0.3486 |   4.00e-03 | ['▁dangereux', '▁peligros', '▁dangerous', '▁danger', '▁dangere']
        |         |          |            | Bottom: ['▁Philosophie', 'ियों', 'ции', '▁nových', 'Bb']
   7848 | -0.0479 |  -0.3485 |   3.13e-04 | ['Iron', '▁iron', '▁Iron', 'iron', '▁IRON']
        |         |          |            | Bottom: ['ra', '᱖', 'ל', '리', 'in']
   3906 | -0.0475 |  -0.3452 |   7.83e-04 | ['▁to', 'ia', 'ian', '▁munc', 'ene']
        |         |          |            | Bottom: ['of', 'E', '>', 'H', 'l']
   1049 | -0.0475 |  -0.3451 |   2.22e-02 | ['t', 'ik', 'in', 'id', 'ol']
        |         |          |            | Bottom: ['ओं', '▁функцию', 'ς', '൭', 'ی']
  11980 | -0.0474 |  -0.3446 |   6.94e-03 | ['▁Create', '▁created', '▁Creation', '▁create', '▁Created']
        |         |          |            | Bottom: ['ennzeichnet', '▁égale', 'গুরু', 'KE', '༦']

Neuronpedia URLs for top 5 suppressed features:
  Feature 13390: https://neuronpedia.org/gemma-scope-2/27b-it/resid_post-layer_16-width_16k-l0_medium/13390
  Feature 6564: https://neuronpedia.org/gemma-scope-2/27b-it/resid_post-layer_16-width_16k-l0_medium/6564
  Feature 4808: https://neuronpedia.org/gemma-scope-2/27b-it/resid_post-layer_16-width_16k-l0_medium/4808
  Feature 1769: https://neuronpedia.org/gemma-scope-2/27b-it/resid_post-layer_16-width_16k-l0_medium/1769
  Feature 11187: https://neuronpedia.org/gemma-scope-2/27b-it/resid_post-layer_16-width_16k-l0_medium/11187

 DISTRIBUTION STATISTICS:
  Mean cosine sim: -0.000214
  Std cosine sim: 0.015564
  Max cosine sim: 0.065546
  Min cosine sim: -0.064844
  Features > 0.1: 0
  Features < -0.1: 0

 LORA VECTOR STATISTICS:
  |lora_B|: 0.0284
  |lora_A|: 0.5917
  |effective_B| (scaled): 7.2680

Results saved to gemmascope/outputs/r1_lora_analysis/gemma3-27b-dpo-minimal-r1-L20-2ep_2026-01-15_18-45-53_layer16_16k_std.*
  -> Saved to gemmascope/outputs/r1_lora_analysis/gemma3-27b-dpo-minimal-r1-L20-2ep_2026-01-15_18-45-53_layer16_16k_std.*
  SAE: layer=16, width=65k, l0=medium (standard variant)
/workspace-vast/annas/git/believe-it-or-not/.venv/lib/python3.12/site-packages/transformers/utils/hub.py:110: FutureWarning: Using `TRANSFORMERS_CACHE` is deprecated and will be removed in v5 of Transformers. Use `HF_HOME` instead.
  warnings.warn(
Loading LoRA weights...
  Found weights with prefix: base_model.model.model.language_model.layers.20.mlp.down_proj
  Loaded LoRA: layer=20, alpha=256, rank=1
  lora_A shape: torch.Size([1, 21504])
  lora_B shape: torch.Size([5376, 1])

Loading Gemma Scope SAE...
Loading SAE from google/gemma-scope-2-27b-it/resid_post/layer_16_width_65k_l0_medium/params.safetensors
  SAE dimensions: d_model=5376, d_sae=65536
Loading example data from google/gemma-scope-2-27b-it/resid_post/layer_16_width_65k_l0_medium/examples.safetensors
Loading tokenizer from google/gemma-3-27b-it...

Analyzing LoRA-SAE alignment...
LoRA B shape: torch.Size([5376])
SAE decoder shape: torch.Size([5376, 65536])

================================================================================
LoRA Analysis Results
  Layer: 20, Target: down_proj
  Rank: 1, Alpha: 256
  Effective scale: 256.0
================================================================================

 TOP PROMOTED FEATURES (positive cosine similarity):
--------------------------------------------------------------------------------
    Idx |  Cosine |     Proj |       Freq | Top Tokens / Bottom Tokens
--------------------------------------------------------------------------------
  34389 |  0.0793 |   0.5762 |   6.40e-04 | ['▁interesting', '▁fascinating', '▁intriguing', '▁Interesting', 'Interesting']
        |         |          |            | Bottom: ['▁négy', 'klar', '▁छह', '▁három', 'six']
  47250 |  0.0713 |   0.5181 |   9.34e-05 | ['▁qualities', 'い', 'ма', '其他', 'ي']
        |         |          |            | Bottom: ['▁পারিল', '▁Datei', '▁Yeah', ')**', '▁".")']
  12685 |  0.0670 |   0.4866 |   1.09e-03 | ['▁comfort', '▁comfy', '▁cuddling', '舒适', '▁comfortable']
        |         |          |            | Bottom: ['s', 'ز', 'n', 'g', '▁interesse']
  24434 |  0.0602 |   0.4377 |   7.06e-05 | ['ت', '其他', 'のは', 'は約', 'ב']
        |         |          |            | Bottom: ['า', 'на', 'et', 'та', 'en']
  57350 |  0.0588 |   0.4276 |   2.41e-05 | ['on', '도', 'К', 'V', 'B']
        |         |          |            | Bottom: ['\n\n', 'lam', 'ippi', '▁Time', '▁Accelerated']
   5358 |  0.0588 |   0.4272 |   5.91e-04 | ['ين', 'تي', 'ер', 'يد', 'ડ']
        |         |          |            | Bottom: ['_', 'har', '▁ומ', '▁an', 'osh']
  20483 |  0.0587 |   0.4263 |   2.32e-05 | ['t', 'تون', 'ت', 'را', 'the']
        |         |          |            | Bottom: ['\n', '▁ر', '▁', '}-', 'ä']
   9654 |  0.0585 |   0.4253 |   6.71e-04 | ['▁there', '▁exploring', '▁explore', 'ми', '▁explored']
        |         |          |            | Bottom: ['ри', 'is', 'as', 'ى', 'ле']
  31416 |  0.0585 |   0.4250 |   1.47e-04 | ['▁fully', '▁pleinement', 'Fully', 'ate', '▁Fully']
        |         |          |            | Bottom: ['Ş', '다', 'ли', 'l', 'т']
   7121 |  0.0583 |   0.4236 |   1.37e-03 | ['\u200cها', 'та', 'nimmt', 'tól', '’']
        |         |          |            | Bottom: ["'", 'व', 'ी', '▁the', '𝘯']
  32166 |  0.0574 |   0.4173 |   5.75e-04 | ['’', '’;', '’।', '’)', '\u200cها']
        |         |          |            | Bottom: ["'", "▁'", "'،", "',", "'`"]
  24632 |  0.0574 |   0.4173 |   4.26e-03 | ['▁약간', '絴', '▁কিছুটা', '▁nieco', 'يه']
        |         |          |            | Bottom: ['▁developers', '▁fighters', '▁abscess', '▁athletes', '▁promoters']
  20765 |  0.0573 |   0.4168 |   1.37e-03 | ['▁resilience', '▁resilient', '▁Resilience', '▁resil', '▁resiliency']
        |         |          |            | Bottom: ['▁tâches', '誢', 'classAttribute', '▁Sélectionnez', 'zą']
  40768 |  0.0568 |   0.4129 |   5.38e-05 | ['▁JFK', 'Kennedy', ';}', '▁Kennedy', '༩']
        |         |          |            | Bottom: ['ట్స్', '▁Los', '▁我的', 'ﺭ', 'ier']
  27232 |  0.0567 |   0.4119 |   2.23e-04 | ['H', 'M', 'ку', 'U', 'P']
        |         |          |            | Bottom: ['▁bedste', ';', 'rensa', 'li', 'ass']
  18891 |  0.0565 |   0.4103 |   9.91e-05 | ['ین', 'ర్\u200c', 'バ', 'یم', 'cimento']
        |         |          |            | Bottom: ['н', 'ה', 'ى', 'اية', '▁szüks']
   7143 |  0.0560 |   0.4071 |   4.43e-04 | ['\u200cها', '’', '的两', 'ের', '’।']
        |         |          |            | Bottom: ["'", 'व', 'ch', 'ब', 'ن']
  32288 |  0.0556 |   0.4040 |   7.85e-04 | ['\n\n', 'انى', '▁virkelig', '▁Truly', '),']
        |         |          |            | Bottom: ['ERP', 'AT', 'یم', 'ER', 'AL']
  21270 |  0.0555 |   0.4036 |   9.49e-05 | ['、', 'ز', 'да', 'с', 'ра']
        |         |          |            | Bottom: ['ה', 'NA', "'):", 'เมื่อ', '</h2>']
  47133 |  0.0549 |   0.3989 |   1.31e-03 | [':', '▁comfortably', 'ڦ', '▁lässt', '▁ходить']
        |         |          |            | Bottom: ['queous', 'weapons', '𝘯', '<0x0D>', '▁sebag']
   2281 |  0.0547 |   0.3973 |   1.84e-02 | ['ও', 'も', '▁σε', '▁في', '▁договор']
        |         |          |            | Bottom: ['í', '▁and', 'ä', 'v', 'is']
  20416 |  0.0544 |   0.3957 |   6.47e-05 | ['ル', '▁folks', '、', '，', 'ل']
        |         |          |            | Bottom: ['\n\n', '2', '▁The', '▁on', '▁and']
  59616 |  0.0542 |   0.3941 |   8.84e-05 | ['of', 'ا', 'to', 'ur', '▁surcharge']
        |         |          |            | Bottom: [')，', 'ität', 'ших', 'gebaut', '▁발생하는']
  53510 |  0.0541 |   0.3935 |   2.08e-04 | ['y', '▁নিবাস', 'akespeare', 'wallepics', '1']
        |         |          |            | Bottom: ['ري', 'фи', 'ার', 'س', 'та']
  62494 |  0.0538 |   0.3908 |   2.03e-04 | ['েব', 'ين', 'দের', '人的', '靣']
        |         |          |            | Bottom: ['j', 'ä', 'and', '▁deception', 'сты']
  40305 |  0.0535 |   0.3889 |   5.26e-04 | ['▁první', 'inizi', '訫', 'in', '▁uwagę']
        |         |          |            | Bottom: ['с', '<0x0D>', 'же', 'ка', '▁शामिल']
   7676 |  0.0530 |   0.3849 |   7.00e-04 | ['К', '在', 'EN', 'ين', '▁briefly']
        |         |          |            | Bottom: ['la', 'ht', 'rin', 'ib', 'ah']
   3286 |  0.0525 |   0.3816 |   6.38e-03 | ['es', 't', 's', 'é', 'ę']
        |         |          |            | Bottom: ['他不', 'లువ', 'ुरे', '2', '▁Instead']
    858 |  0.0525 |   0.3813 |   3.32e-02 | ['ר', 'ת', 'ir', 'ర్', '▁piscine']
        |         |          |            | Bottom: ['我', '的', 'OO', '此', '就']
   9070 |  0.0523 |   0.3804 |   4.89e-04 | ['(', '▁tentang', '▁{', 'ล', '▁by']
        |         |          |            | Bottom: ['on', 'avic', '▁جوړونکو', 'ué', '▁بسي']

Neuronpedia URLs for top 5 promoted features:
  Feature 34389: https://neuronpedia.org/gemma-scope-2/27b-it/resid_post-layer_16-width_65k-l0_medium/34389
  Feature 47250: https://neuronpedia.org/gemma-scope-2/27b-it/resid_post-layer_16-width_65k-l0_medium/47250
  Feature 12685: https://neuronpedia.org/gemma-scope-2/27b-it/resid_post-layer_16-width_65k-l0_medium/12685
  Feature 24434: https://neuronpedia.org/gemma-scope-2/27b-it/resid_post-layer_16-width_65k-l0_medium/24434
  Feature 57350: https://neuronpedia.org/gemma-scope-2/27b-it/resid_post-layer_16-width_65k-l0_medium/57350

 TOP SUPPRESSED FEATURES (negative cosine similarity):
--------------------------------------------------------------------------------
    Idx |  Cosine |     Proj |       Freq | Top Tokens / Bottom Tokens
--------------------------------------------------------------------------------
   5582 | -0.0739 |  -0.5368 |   1.75e-03 | ['偽', '▁replica', '▁counterfeit', 'ders', 'Fake']
        |         |          |            | Bottom: ['ла', 'IN', '▁seu', 'EN', 'AL']
  16520 | -0.0727 |  -0.5283 |   4.59e-04 | ['akings', 'illent', 'o', 'acken', '年生']
        |         |          |            | Bottom: ['问题', 'م', '▁مست', 'أ', 'начала']
  16876 | -0.0721 |  -0.5240 |   9.63e-03 | ['▁immoral', '▁unworthy', '辱', '▁blasp', '▁punishable']
        |         |          |            | Bottom: ['▁S', '<h2>', '▁O', '▁QCD', '▁yields']
  25941 | -0.0707 |  -0.5137 |   6.07e-03 | ['▁খারাপ', '▁poorly', '▁плохо', '▁ineffective', '▁bad']
        |         |          |            | Bottom: ['рте', '▁Maintenant', 'コスメ', 'מים', 'now']
  31356 | -0.0636 |  -0.4623 |   2.26e-03 | ['▁shit', '▁bitch', '▁fucked', '▁bitches', '▁(']
        |         |          |            | Bottom: ['ام', '▁사람', '𝗴', '▁Ettha', '▁Phần']
  21544 | -0.0621 |  -0.4515 |   1.32e-04 | ['▁or', 'v', '▁on', '▁is', 'is']
        |         |          |            | Bottom: ['\n\n', '\\', '\n', '-', '\t\t']
  32916 | -0.0618 |  -0.4493 |   7.10e-04 | ['ет', 'ли', 'с', 'из', 'িন']
        |         |          |            | Bottom: ['a', 'i', '▁in', '▁a', 'P']
  52503 | -0.0615 |  -0.4469 |   4.22e-04 | ['کن', 'ﺤ', 'کس', 'strongly', '▁strongly']
        |         |          |            | Bottom: ['y', 't', '一', 'ا', 'ت']
   4473 | -0.0615 |  -0.4467 |   1.21e-02 | ['▁yourself', '\n\n', 'ul', 'an', 'л']
        |         |          |            | Bottom: ['▁जिसको', 'VII', '▁ষে', '▁feminism', ')’']
  49947 | -0.0613 |  -0.4458 |   4.83e-05 | ['`);', '▁Minaj', '▁Thành', 'надцать', '▁testacé']
        |         |          |            | Bottom: ['ang', 'و', 'ز', 'ल', 'ir']
  45402 | -0.0608 |  -0.4421 |   3.71e-05 | ['▁Bounty', 'mann', '▁успеш', 'fords', 'casters']
        |         |          |            | Bottom: ['ми', 'رت', '1', 'يد', 'ת']
  17226 | -0.0600 |  -0.4360 |   8.86e-05 | ['ल्ट', '▁bosques', 'seleccion', '▁Selección', 'ástica']
        |         |          |            | Bottom: ['u', '▁<', '▁met', '▁నేను', '▁->']
   8123 | -0.0594 |  -0.4318 |   3.88e-05 | ['▁slapping', '▁slapped', 'for', 'нов', 'cmd']
        |         |          |            | Bottom: ['IM', 'ه', 'OM', 'H', 'AN']
  10857 | -0.0577 |  -0.4195 |   1.86e-05 | ['är', 'ella', 'v', '▁or', 'ot']
        |         |          |            | Bottom: ['ي', 'י', 'ה', '𝚙', '▁']
  11321 | -0.0567 |  -0.4118 |   2.75e-04 | ['th', '▁for', 'ing', '<0x0D>', 'lar']
        |         |          |            | Bottom: ['▁ﺍﻟ', '▁filles', '▁emociones', '▁puriso', '▁connaissances']
  62645 | -0.0564 |  -0.4099 |   2.56e-04 | ['▁в', '▁і', '▁и', 'о', 'не']
        |         |          |            | Bottom: ['\n', 'd', 'f', ')', 'taker']
  58500 | -0.0560 |  -0.4069 |   1.65e-04 | ['জিন', '▁for', '𝟯', 'ك', '▁Ла']
        |         |          |            | Bottom: ['t', 'to', 'is', 'ly', '▁to']
  57664 | -0.0555 |  -0.4033 |   2.13e-05 | ['boots', '▁boots', 'ال', 'жаться', '霑']
        |         |          |            | Bottom: ["'", ',', '’', '”', '"']
  45735 | -0.0552 |  -0.4010 |   2.84e-04 | ['isch', '▁על', 'ish', 'ate', 'je']
        |         |          |            | Bottom: ['多く', 'дары', 'макраты', 'тисти', '▁sguardo']
  49550 | -0.0546 |  -0.3967 |   1.55e-04 | ['re', '0', 'la', '2', 'lar']
        |         |          |            | Bottom: ['▁FUNDS', '▁COVER', 'ுமி', '▁앞에', '▁bhith']
  64986 | -0.0543 |  -0.3950 |   2.04e-04 | ['Similarity', '▁Similarity', '▁similarity', 'e', 'y']
        |         |          |            | Bottom: ['▁chiffres', '▁pigmentation', '▁significado', 'の特徴', '▁migraines']
  23142 | -0.0541 |  -0.3933 |   1.07e-04 | ['د', 'ون', 'ს', '▁esperienza', 'ست']
        |         |          |            | Bottom: [',', '一', 'to', 'y', 'де']
  51245 | -0.0535 |  -0.3888 |   1.06e-04 | ['▁inept', 'ק', '.', 'ı', '级']
        |         |          |            | Bottom: ['or', 'ab', 'ON', 'ol', 'ir']
   5973 | -0.0529 |  -0.3846 |   1.79e-04 | ['▁and', 'teman', 'trade', '▁is', '▁I']
        |         |          |            | Bottom: ['an', 'ان', 'ను', 'اي', 'óny']
   9139 | -0.0522 |  -0.3798 |   1.15e-06 | ['ībā', '▁on', '▁minum', 'eonium', 'plist']
        |         |          |            | Bottom: ['ন', '이', 'न', 'ン', '▁explicación']
  25534 | -0.0520 |  -0.3783 |   1.02e-05 | ['▁denunci', '▁accusing', '▁depriving', '▁forehead', '▁chanting']
        |         |          |            | Bottom: ['▁আমরা', '▁我们', '是我们', 'larımız', '来到']
  28525 | -0.0520 |  -0.3782 |   4.83e-05 | ['IT', 'INES', 'Э', 'In', 'ଏ']
        |         |          |            | Bottom: ['▁about', '▁Bavarian', '▁Bouquet', '上がる', 'Bechyné']
   4590 | -0.0520 |  -0.3776 |   9.13e-06 | ['▁jeopard', 'נ', '.', 'anean', '▁on']
        |         |          |            | Bottom: ['ită', 'ва', 'rát', '▁रोगों', 'ről']
  34944 | -0.0516 |  -0.3749 |   6.12e-05 | ['س', '1', 'ح', 'с', 'F']
        |         |          |            | Bottom: ['adakan', '▁worksheets', '▁ওয়ে', '▁exponents', '▁ediyoruz']
  34289 | -0.0508 |  -0.3690 |   5.89e-04 | ['၊', '▁memor', '。</', '，“', '▁Memor']
        |         |          |            | Bottom: ['G', 'lié', 'InCM', 'ام', '▁pleinement']

Neuronpedia URLs for top 5 suppressed features:
  Feature 5582: https://neuronpedia.org/gemma-scope-2/27b-it/resid_post-layer_16-width_65k-l0_medium/5582
  Feature 16520: https://neuronpedia.org/gemma-scope-2/27b-it/resid_post-layer_16-width_65k-l0_medium/16520
  Feature 16876: https://neuronpedia.org/gemma-scope-2/27b-it/resid_post-layer_16-width_65k-l0_medium/16876
  Feature 25941: https://neuronpedia.org/gemma-scope-2/27b-it/resid_post-layer_16-width_65k-l0_medium/25941
  Feature 31356: https://neuronpedia.org/gemma-scope-2/27b-it/resid_post-layer_16-width_65k-l0_medium/31356

 DISTRIBUTION STATISTICS:
  Mean cosine sim: -0.000121
  Std cosine sim: 0.015218
  Max cosine sim: 0.079279
  Min cosine sim: -0.073855
  Features > 0.1: 0
  Features < -0.1: 0

 LORA VECTOR STATISTICS:
  |lora_B|: 0.0284
  |lora_A|: 0.5917
  |effective_B| (scaled): 7.2680

Results saved to gemmascope/outputs/r1_lora_analysis/gemma3-27b-dpo-minimal-r1-L20-2ep_2026-01-15_18-45-53_layer16_65k_std.*
  -> Saved to gemmascope/outputs/r1_lora_analysis/gemma3-27b-dpo-minimal-r1-L20-2ep_2026-01-15_18-45-53_layer16_65k_std.*
  SAE: layer=16, width=262k, l0=medium (standard variant)
/workspace-vast/annas/git/believe-it-or-not/.venv/lib/python3.12/site-packages/transformers/utils/hub.py:110: FutureWarning: Using `TRANSFORMERS_CACHE` is deprecated and will be removed in v5 of Transformers. Use `HF_HOME` instead.
  warnings.warn(
Loading LoRA weights...
  Found weights with prefix: base_model.model.model.language_model.layers.20.mlp.down_proj
  Loaded LoRA: layer=20, alpha=256, rank=1
  lora_A shape: torch.Size([1, 21504])
  lora_B shape: torch.Size([5376, 1])

Loading Gemma Scope SAE...
Loading SAE from google/gemma-scope-2-27b-it/resid_post/layer_16_width_262k_l0_medium/params.safetensors
  SAE dimensions: d_model=5376, d_sae=262144
Loading example data from google/gemma-scope-2-27b-it/resid_post/layer_16_width_262k_l0_medium/examples.safetensors
Loading tokenizer from google/gemma-3-27b-it...

Analyzing LoRA-SAE alignment...
LoRA B shape: torch.Size([5376])
SAE decoder shape: torch.Size([5376, 262144])

================================================================================
LoRA Analysis Results
  Layer: 20, Target: down_proj
  Rank: 1, Alpha: 256
  Effective scale: 256.0
================================================================================

 TOP PROMOTED FEATURES (positive cosine similarity):
--------------------------------------------------------------------------------
    Idx |  Cosine |     Proj |       Freq | Top Tokens / Bottom Tokens
--------------------------------------------------------------------------------
  42302 |  0.0767 |   0.5574 |   8.54e-04 | ['▁intriguing', 're', '▁fascinating', '疑问', '▁frequent']
        |         |          |            | Bottom: ['athons', '▁seis', '▁Accreditation', 'ffineTransform', '▁tevé']
  14193 |  0.0721 |   0.5243 |   4.60e-04 | ['▁curiously', '▁fitting', '▁enigmatic', '▁ironically', '▁didn']
        |         |          |            | Bottom: ['ל', 'نڈ', 'lds', '▁производстве', 'nl']
   9321 |  0.0697 |   0.5062 |   4.23e-04 | ['▁explore', '▁explored', '▁exploring', '-', '▁explor']
        |         |          |            | Bottom: ['ί', 'that', '،', 'to', '▁It']
  38096 |  0.0696 |   0.5060 |   3.24e-05 | ['ва', 'на', 'ية', 'ле', 'ہ']
        |         |          |            | Bottom: ['C', 'I', 'Y', 'Same', 'konto']
 140215 |  0.0690 |   0.5015 |   1.95e-04 | ['会儿', '▁UNIX', 'ي', '▁ERK', '▁persone']
        |         |          |            | Bottom: ['es', '지', 'ies', 'as', 'obstacles']
  14580 |  0.0665 |   0.4834 |   1.81e-04 | ['ل', 'ین', '▁remplacement', '▁tachycardia', '▁flexion']
        |         |          |            | Bottom: ['ו', 'm', 'lar', '<0x0D>', 'lik']
 191074 |  0.0656 |   0.4766 |   5.93e-05 | ['Samp', 'رسٹ', 'Kerry', 'Baker', 'SOCIAL']
        |         |          |            | Bottom: ['า', 'ški', 'uits', 'à', '含ま']
   7441 |  0.0648 |   0.4712 |   1.31e-03 | ['ي', 'י', '▁брать', '▁thoroughly', '在']
        |         |          |            | Bottom: ['</span>', 't', '▁f', '▁an', 'ка']
    626 |  0.0641 |   0.4657 |   2.97e-04 | ['▁innych', '▁ispit', '▁computeEncoder', '▁investimento', 'ನ']
        |         |          |            | Bottom: ['的', 'ні', '.', 'ung', 'nyt']
 229157 |  0.0635 |   0.4614 |   2.84e-06 | ['ה', 'ید', 'וא', 'ција', '▁costru']
        |         |          |            | Bottom: ['m', 'te', 'j', 'Type', 'Collection']
  65129 |  0.0630 |   0.4580 |   8.10e-07 | ['-', 'কে', '.', 'ми', 'ot']
        |         |          |            | Bottom: ['▁ו', '।"', 'ו', '▁can', 'י']
  90129 |  0.0630 |   0.4576 |   3.86e-05 | ['ین', 'ться', 'ینگ', 'ákat', '▁jugado']
        |         |          |            | Bottom: ['▁of', '▁on', '▁for', 'ards', '▁at']
  34728 |  0.0628 |   0.4561 |   6.39e-04 | ['’', '\u200cها', ')’', '’।', '’;']
        |         |          |            | Bottom: ["'", '▁by', '▁the', '▁at', '𝘯']
   6097 |  0.0624 |   0.4539 |   5.82e-05 | ['ين', 'the', '.', '(', '▁(']
        |         |          |            | Bottom: ['▁bahwa', 'ﺎ', 'ı', 'ﺄ', '2']
 165221 |  0.0622 |   0.4520 |   2.56e-05 | ['ća', 'es', 'on', '▁Química', '이었다']
        |         |          |            | Bottom: ['し', 'к', 'ä', 'j', '▁']
 243100 |  0.0611 |   0.4443 |   2.84e-06 | ['-', ':', 'ין', 'o', 'هن']
        |         |          |            | Bottom: ['𝚝', '것', '𝚊', 'た', '▁تین']
  29054 |  0.0601 |   0.4367 |   1.45e-04 | ['因为', '▁kerana', '▁omdat', 'เพราะ', '▁bởi']
        |         |          |            | Bottom: ['ди', 'ли', '▁utensils', '▁substrings', '▁WARRANTY']
  12559 |  0.0600 |   0.4359 |   6.32e-05 | ['/', 'in', 'ER', '서', 'et']
        |         |          |            | Bottom: ['م', 'ation', 'مر', 'ة', 'ب']
  16994 |  0.0590 |   0.4285 |   1.97e-05 | ['l', 't', 'r', '▁tumbling', '0']
        |         |          |            | Bottom: ['ਾਂ', 'ā', 'ү', 'وں', 'ным']
  40007 |  0.0588 |   0.4271 |   2.63e-06 | ['T', 'W', 'I', 'TED', 'ো']
        |         |          |            | Bottom: ['▁має', '▁تصل', '▁ανα', '▁émissions', '不一样']
  27366 |  0.0587 |   0.4265 |   4.79e-04 | ['ের', '\u200cها', 'ية', 'u', '’']
        |         |          |            | Bottom: ["'", 'व', 'Message', '▁MIMO', 'Active']
   2179 |  0.0585 |   0.4250 |   9.74e-04 | ['.', 'ו', 'ר', 'ت', 'و']
        |         |          |            | Bottom: ['ors', 'し', '</h3>', 'ä', '</h2>']
   8580 |  0.0583 |   0.4235 |   1.42e-05 | ['\n', '▁to', '="', 'ை', 'ון']
        |         |          |            | Bottom: ['la', '2', 'this', 'j', 'ra']
  46595 |  0.0581 |   0.4220 |   1.26e-05 | ['ד', '지', 'انی', 'ari', '”']
        |         |          |            | Bottom: ['▁rápida', 'の発', '▁ponte', '▁rapide', '▁silenc']
  71330 |  0.0579 |   0.4212 |   1.54e-05 | ['▁stealth', '▁μία', '▁desolate', '▁téléphonique', '▁приготов']
        |         |          |            | Bottom: ['j', 'r', 'u', '۲', '▁Что']
  44312 |  0.0578 |   0.4199 |   5.93e-06 | ['다', 'ور', 'اد', 'ad', '▁a']
        |         |          |            | Bottom: ['▁недель', '▁воды', 'ка', 'ຂອງ', '▁войны']
  43039 |  0.0577 |   0.4197 |   1.96e-05 | ['٠', 'y', '０', 'charged', '០']
        |         |          |            | Bottom: ['م', 'מ', '\n\n', 'ת', 'ل']
  20935 |  0.0577 |   0.4191 |   5.70e-04 | ['▁improvisation', '▁improvis', '▁mortem', '▁consenting', '▁planting']
        |         |          |            | Bottom: ['c', 'z', 'n', 'I', 'num']
  35191 |  0.0571 |   0.4153 |   3.85e-04 | ['u', 'tól', '\u200cها', '્સ', 'ные']
        |         |          |            | Bottom: ['▁the', '▁de', 'ी', 'al', 'व']
 113201 |  0.0571 |   0.4152 |   2.04e-05 | ['و', 'W', 'H', 'F', 'ي']
        |         |          |            | Bottom: ["'", '’', '▁є', '▁κά', '▁ailing']

Neuronpedia URLs for top 5 promoted features:
  Feature 42302: https://neuronpedia.org/gemma-scope-2/27b-it/resid_post-layer_16-width_262k-l0_medium/42302
  Feature 14193: https://neuronpedia.org/gemma-scope-2/27b-it/resid_post-layer_16-width_262k-l0_medium/14193
  Feature 9321: https://neuronpedia.org/gemma-scope-2/27b-it/resid_post-layer_16-width_262k-l0_medium/9321
  Feature 38096: https://neuronpedia.org/gemma-scope-2/27b-it/resid_post-layer_16-width_262k-l0_medium/38096
  Feature 140215: https://neuronpedia.org/gemma-scope-2/27b-it/resid_post-layer_16-width_262k-l0_medium/140215

 TOP SUPPRESSED FEATURES (negative cosine similarity):
--------------------------------------------------------------------------------
    Idx |  Cosine |     Proj |       Freq | Top Tokens / Bottom Tokens
--------------------------------------------------------------------------------
   2200 | -0.0763 |  -0.5542 |   3.56e-03 | ['▁abyss', '▁devast', '▁hopelessness', '▁despair', '▁misery']
        |         |          |            | Bottom: ['ку', 'on', 'ъ', 'ів', 'il']
 104722 | -0.0716 |  -0.5207 |   2.42e-05 | ['1', 'C', 'ों', 'ле', 'ع']
        |         |          |            | Bottom: ['in', 'inę', 'inį', 'inah', 'erweise']
 143271 | -0.0693 |  -0.5034 |   9.52e-04 | ['▁проблема', '▁probleem', '▁problém', '▁problèmes', 'з']
        |         |          |            | Bottom: ['years', 'building', 'áreas', 'iritual', '▁Die']
 115756 | -0.0684 |  -0.4975 |   4.07e-05 | ['Depuis', '▁▁▁▁▁▁▁▁▁▁▁▁▁▁▁▁▁▁▁▁', '▁fera', '▁fixtures', "'"]
        |         |          |            | Bottom: ['лье', 'лін', '<0xA1>', 'с', 'ᄊ']
  39193 | -0.0664 |  -0.4824 |   8.33e-06 | ['ק', 'four', 'มัน', 'landı', 'ม']
        |         |          |            | Bottom: ['ما', 'i', 'То', 'ي', '▁Establish']
  44806 | -0.0663 |  -0.4817 |   3.01e-04 | ['▁idiots', 'ଡ', '▁ब', '▁idiot', '▁thrice']
        |         |          |            | Bottom: ['cienza', 'uja', '可能な', 'usingCamera', 'Можно']
 153018 | -0.0654 |  -0.4754 |   4.63e-05 | ['▁rapidly', '▁appels', "',", '▁have', ')']
        |         |          |            | Bottom: ['나', 'м', 'کو', '과', 'ம்']
  42157 | -0.0652 |  -0.4736 |   8.72e-05 | ['▁counterfe', 'ከላከ', '▁counterfeit', '۳', '▁மருந்த']
        |         |          |            | Bottom: ['ב', 'ق', ';', 'ม', '(']
  42555 | -0.0635 |  -0.4617 |   1.18e-04 | ['s', 'ים', 'ों', '▁expr', '▁Expr']
        |         |          |            | Bottom: ['These', 'nings', 'Viele', 'Lai', 'OT']
 236240 | -0.0633 |  -0.4599 |   2.41e-06 | ['▁E', '▁O', '\n', 'u', '▁L']
        |         |          |            | Bottom: ['傃', 'បន្ថ', ':"+', '▁contentService', '▁endanger']
  43518 | -0.0631 |  -0.4585 |   1.24e-05 | ['▁ох', '▁bittersweet', '’', 'fitting', 'kens']
        |         |          |            | Bottom: ['ة', 'ת', 'ü', 'ри', 'ע']
 238213 | -0.0627 |  -0.4561 |   5.53e-06 | ['▁a', 'isees', 'ast', 'ua', 'issense']
        |         |          |            | Bottom: ['на', '{', 'א', 'in', 'ה']
 232948 | -0.0625 |  -0.4544 |   1.96e-04 | ['▁stupid', '▁silly', '▁irrational', '▁illogical', 'ە']
        |         |          |            | Bottom: ['▁Scandinavia', '▁Pythagoras', '▁Scandinavian', '▁Nestle', '▁Than']
 218955 | -0.0610 |  -0.4435 |   2.02e-05 | ['ing', 'к', 'an', 'a', 'ه']
        |         |          |            | Bottom: ['▁Wellbeing', 'innerApiCalls', '▁Пере', '▁După', '▁Ах']
  16251 | -0.0608 |  -0.4419 |   9.27e-05 | ['▁', 't', 'ens', 'elen', 'itel']
        |         |          |            | Bottom: ['ibilité', '▁nowych', 'ير', 'Cm', '지']
  38954 | -0.0607 |  -0.4415 |   2.71e-05 | ['k', 'm', 'in', 'w', 'ti']
        |         |          |            | Bottom: ['。”', 'に加え', '提供', '哽', '副作用']
  27953 | -0.0600 |  -0.4359 |   8.29e-03 | ['▁disagreeable', '▁abusive', '▁toxic', '▁wicked', '▁disgusting']
        |         |          |            | Bottom: ['น์', '▁FaceTime', 'Ма', '新品', '会出现']
 186273 | -0.0599 |  -0.4353 |   2.76e-06 | ['作った', 'ק', 'اتی', 'ረዳ', '▁educated']
        |         |          |            | Bottom: ['the', 'r', 't', '▁get', 'tingen']
  26793 | -0.0595 |  -0.4325 |   3.06e-04 | ['▁imitate', '▁imitating', '模仿', 'einander', '3']
        |         |          |            | Bottom: ['▁are', '▁ס', 'ing', 'in', '▁envisions']
 239721 | -0.0594 |  -0.4318 |   1.10e-06 | ['的安全', 'ভাবে', '蜘蛛', 'ង់', '如下']
        |         |          |            | Bottom: ['▁dignitaries', 'eight', '▁illustrious', '▁off', '▁avoir']
 131928 | -0.0588 |  -0.4271 |   1.04e-06 | ['し', '▁Led', 'な', '新', '痛']
        |         |          |            | Bottom: ['▁비용', '▁advisory', '▁u', '▁acuity', '▁incomes']
   1633 | -0.0587 |  -0.4266 |   2.37e-03 | ['\n', '’', '▁shit', '.', '\n\n']
        |         |          |            | Bottom: ['aS', '𝗴', 'it', 'ກ', '𝗺']
  14727 | -0.0581 |  -0.4226 |   9.87e-03 | ['▁immoral', '▁Violation', 'buatan', '辱', '▁violation']
        |         |          |            | Bottom: ['<h2>', '▁back', '▁breezes', '▁stories', '▁dashboards']
  12399 | -0.0574 |  -0.4172 |   6.25e-06 | ['in', 'ika', 'on', 'termination', 'to']
        |         |          |            | Bottom: ['้', '▁>', '▁<', 'I', '>']
  22252 | -0.0572 |  -0.4159 |   2.23e-05 | ['\\', '▁Stupid', '▁dumb', '.', 'dumb']
        |         |          |            | Bottom: ['ين', 'ه', 'و', 'a', 'ма']
  27651 | -0.0572 |  -0.4156 |   3.26e-03 | ['▁result', '▁품질', '▁outcome', '▁výsled', '▁නිෂ්පා']
        |         |          |            | Bottom: ['▁двумя', 'Define', 'AK', 'çe', 'periods']
  98489 | -0.0570 |  -0.4144 |   4.30e-07 | ['р', 'our', '{', '▁restrained', '”']
        |         |          |            | Bottom: ['▁Markets', '▁Michele', '▁Listing', '▁굉장히', '▁Funds']
 172329 | -0.0565 |  -0.4108 |   2.18e-06 | ['▁corresponden', '▁significa', '翻', '▁inspe', '</i>']
        |         |          |            | Bottom: ['▁ದೇಹ', '▁ಕೂದಲ', '▁confrontation', 'กลุ่ม', 'osur']
  23866 | -0.0564 |  -0.4098 |   2.54e-04 | ['ের', 'ida', '▁২০১৩', 'ORD', '▁LO']
        |         |          |            | Bottom: ['ັບ', 'しっかりと', 'しっかり', '<0xA3>', 'rone']
  47407 | -0.0562 |  -0.4082 |   4.54e-05 | ['ل', '𝓱', 'Ꮰ', 'x', 'वास']
        |         |          |            | Bottom: ['(', '-', '的', 'ATING', '▁Francia']

Neuronpedia URLs for top 5 suppressed features:
  Feature 2200: https://neuronpedia.org/gemma-scope-2/27b-it/resid_post-layer_16-width_262k-l0_medium/2200
  Feature 104722: https://neuronpedia.org/gemma-scope-2/27b-it/resid_post-layer_16-width_262k-l0_medium/104722
  Feature 143271: https://neuronpedia.org/gemma-scope-2/27b-it/resid_post-layer_16-width_262k-l0_medium/143271
  Feature 115756: https://neuronpedia.org/gemma-scope-2/27b-it/resid_post-layer_16-width_262k-l0_medium/115756
  Feature 39193: https://neuronpedia.org/gemma-scope-2/27b-it/resid_post-layer_16-width_262k-l0_medium/39193

 DISTRIBUTION STATISTICS:
  Mean cosine sim: 0.000062
  Std cosine sim: 0.014504
  Max cosine sim: 0.076686
  Min cosine sim: -0.076251
  Features > 0.1: 0
  Features < -0.1: 0

 LORA VECTOR STATISTICS:
  |lora_B|: 0.0284
  |lora_A|: 0.5917
  |effective_B| (scaled): 7.2680

Results saved to gemmascope/outputs/r1_lora_analysis/gemma3-27b-dpo-minimal-r1-L20-2ep_2026-01-15_18-45-53_layer16_262k_std.*
  -> Saved to gemmascope/outputs/r1_lora_analysis/gemma3-27b-dpo-minimal-r1-L20-2ep_2026-01-15_18-45-53_layer16_262k_std.*
  SAE: layer=31, width=16k, l0=medium (standard variant)
/workspace-vast/annas/git/believe-it-or-not/.venv/lib/python3.12/site-packages/transformers/utils/hub.py:110: FutureWarning: Using `TRANSFORMERS_CACHE` is deprecated and will be removed in v5 of Transformers. Use `HF_HOME` instead.
  warnings.warn(
Loading LoRA weights...
  Found weights with prefix: base_model.model.model.language_model.layers.20.mlp.down_proj
  Loaded LoRA: layer=20, alpha=256, rank=1
  lora_A shape: torch.Size([1, 21504])
  lora_B shape: torch.Size([5376, 1])

Loading Gemma Scope SAE...
Loading SAE from google/gemma-scope-2-27b-it/resid_post/layer_31_width_16k_l0_medium/params.safetensors
  SAE dimensions: d_model=5376, d_sae=16384
Loading example data from google/gemma-scope-2-27b-it/resid_post/layer_31_width_16k_l0_medium/examples.safetensors
Loading tokenizer from google/gemma-3-27b-it...

Analyzing LoRA-SAE alignment...
LoRA B shape: torch.Size([5376])
SAE decoder shape: torch.Size([5376, 16384])

================================================================================
LoRA Analysis Results
  Layer: 20, Target: down_proj
  Rank: 1, Alpha: 256
  Effective scale: 256.0
================================================================================

 TOP PROMOTED FEATURES (positive cosine similarity):
--------------------------------------------------------------------------------
    Idx |  Cosine |     Proj |       Freq | Top Tokens / Bottom Tokens
--------------------------------------------------------------------------------
   1384 |  0.0560 |   0.4071 |   2.29e-03 | ['▁it', '▁you', '▁they', '▁आपण', '▁we']
        |         |          |            | Bottom: ['จน', '▁درباره', '▁URL', '▁waarom', '▁about']
  15610 |  0.0520 |   0.3778 |   4.92e-03 | ['▁variations', '▁Variations', '▁modifications', '▁extensions', '▁modification']
        |         |          |            | Bottom: ['▁본격', 'overall', '▁दैन', 'distinct', '⦖']
   9121 |  0.0510 |   0.3706 |   3.63e-03 | ['既然', '▁تاکہ', '▁explicit', 'explicit', 'ដើម្បី']
        |         |          |            | Bottom: ['▁በጣም', '▁কিন্তু', '讠', '枧', '!,']
   6937 |  0.0506 |   0.3679 |   2.47e-03 | ['▁zelfs', '▁addirittura', '甚至', '甚至是', '▁bahkan']
        |         |          |            | Bottom: ['▁всех', '▁всички', '▁جميع', '▁усіх', '▁wszystkie']
  10271 |  0.0501 |   0.3645 |   6.57e-04 | ['▁Акча', 'zovaniyu', '▁CORPER', 'ipada', '▁Celebrating']
        |         |          |            | Bottom: ['▁caffeine', 'εις', 'ိုက်', 'rodite', '▁gosh']
   4871 |  0.0491 |   0.3566 |   6.26e-03 | ['▁gallons', '▁quantity', '▁quantities', 'quantity', '▁quantidade']
        |         |          |            | Bottom: ['▁Syntax', '▁Alley', '违反', '▁Exile', '▁कुंजी']
   3512 |  0.0480 |   0.3490 |   6.08e-03 | ['esempio', '▁craindre', '▁ито', 'Lycodon', 'Bechyné']
        |         |          |            | Bottom: ['▁(', '▁Re', '▁-', '▁((', '▁{']
  12486 |  0.0476 |   0.3457 |   8.21e-04 | ['turtle', 'Turtle', '▁turtle', '▁Turtle', '▁turtles']
        |         |          |            | Bottom: ['▁Studying', '▁சித்த', '疑問', '▁pilih', '▁studying']
  12346 |  0.0469 |   0.3406 |   5.43e-03 | ['▁약간', '▁немного', '▁slightly', '▁একটু', '▁slight']
        |         |          |            | Bottom: ['▁galore', '▁muitas', '!!!', '▁many', '▁severely']
   6203 |  0.0464 |   0.3373 |   2.10e-03 | ['▁envisage', '▁Maths', '▁whilst', '▁optimise', '▁Whilst']
        |         |          |            | Bottom: ['▁flavorful', '▁geologic', 'fueled', '▁outfitted', '▁caliber']
  16005 |  0.0463 |   0.3362 |   1.14e-06 | ['नमस्कार', '▁夏季', 'تقاوى', '▁Levant', '𒆜']
        |         |          |            | Bottom: ['▁ensures', '▁exploits', 'uang', '▁upperBound', '▁triangulation']
   4001 |  0.0462 |   0.3360 |   1.21e-02 | ['▁continuous', '▁постоян', '▁постоянно', '▁sürekli', '▁continual']
        |         |          |            | Bottom: ['䙷', '▁zuerst', '惊讶', '▁scarce', 'adaki']
  13769 |  0.0460 |   0.3344 |   1.52e-03 | ['▁Seventy', '▁malls', '▁Sixty', 'ponder', 'PLAC']
        |         |          |            | Bottom: ['Lateral', '▁никак', '柽', '▁lateral', '橡胶']
   2549 |  0.0458 |   0.3329 |   1.12e-02 | ['▁occasionally', '▁occasional', '▁downsides', '▁drawbacks', '▁weaknesses']
        |         |          |            | Bottom: ['▁훨씬', '▁appalled', '▁desperate', '훨', '▁बर्बाद']
   2266 |  0.0457 |   0.3324 |   6.16e-03 | ['轻轻', '镊', '▁tweezers', '搅拌', '▁moistened']
        |         |          |            | Bottom: ['▁disillusioned', '▁disinformation', '▁salaried', '▁cryptography', '▁distrust']
   1818 |  0.0455 |   0.3309 |   2.22e-02 | ['▁философии', '▁정의', 'กลุ่ม', '哲', '૬']
        |         |          |            | Bottom: ['▁pomocí', '▁steamers', '▁tuf', '▁ب', '▁جهاز']
   1155 |  0.0454 |   0.3303 |   7.90e-03 | ['களை', 'cuda', '▁periodically', '▁demonstrate', '時間を']
        |         |          |            | Bottom: ['▁antar', '彘', '▁اصلا', '▁확장', '▁üld']
   4877 |  0.0451 |   0.3277 |   6.98e-03 | ['▁paragraph', '▁description', '▁mention', '▁párrafo', '▁mentioning']
        |         |          |            | Bottom: ['▁unsupervised', '▁获取', '获取', 'বাই', '嶉']
  10010 |  0.0447 |   0.3248 |   3.12e-03 | ['▁specifies', '▁Specifies', '▁clause', '▁specifying', '▁clauses']
        |         |          |            | Bottom: ['tsc', '案件', 'dasarkan', '▁provenant', '▁società']
     18 |  0.0446 |   0.3242 |   4.77e-03 | ['▁ourselves', '▁kijken', '▁знаем', 'ujourd', '▁કરીએ']
        |         |          |            | Bottom: ['▁annotations', 'を使用', '▁warnings', '▁remnants', '▁encryption']
  15019 |  0.0441 |   0.3209 |   1.58e-03 | ['Carousel', '▁Website', '▁Awards', '▁Landing', 'testimonials']
        |         |          |            | Bottom: ['▁withdrew', '▁debilit', '▁recid', '▁sequest', '▁NICKEL']
   7374 |  0.0433 |   0.3144 |   3.27e-05 | ['▁treadmill', '▁superiority', '▁supervisors', '▁spagn', '▁localVarHTTP']
        |         |          |            | Bottom: ['ner', 'time', 'du', 'quiet', 'mun']
     27 |  0.0432 |   0.3139 |   1.50e-02 | ['▁toxins', '▁nutrients', '▁moisture', '▁acidic', '▁antioxidant']
        |         |          |            | Bottom: ['▁финансо', '▁паліты', '权力', '▁політи', '▁سیاست']
  10773 |  0.0431 |   0.3132 |   4.97e-04 | ['Referring', 'álne', 'regulating', '擱', 'ії']
        |         |          |            | Bottom: ['▁ан', '▁aplic', '▁u', ')<\\', '))']
   1615 |  0.0429 |   0.3121 |   1.11e-02 | ['▁medically', '▁niacin', '▁medicinal', '▁clinically', '▁dermat']
        |         |          |            | Bottom: ['▁创建', '▁സൃഷ്ട', '勫', 'Operational', '创建']
   1129 |  0.0429 |   0.3120 |   2.42e-03 | ['چنین', '▁такому', '▁وجود', '▁having', '這麼']
        |         |          |            | Bottom: ['▁logarithmic', 'ologisk', '▁might', 'ov', '呃']
  11105 |  0.0427 |   0.3103 |   2.79e-03 | ['▁reason', '▁காரணமாக', 'Почему', '▁dlatego', '▁કારણે']
        |         |          |            | Bottom: ['▁மிகவும்', '▁powerhouse', '▁ostatnich', '▁äußerst', '▁обладает']
  13423 |  0.0421 |   0.3057 |   5.09e-03 | ['みんな', '▁especiales', '▁mommy', '▁पापा', 'たくさん']
        |         |          |            | Bottom: ['▁Invoke', '▁obsessive', '▁obsess', '▁dogged', '▁Damn']
  11365 |  0.0420 |   0.3049 |   1.86e-03 | ['▁телеви', '电视', '▁TV', '電視', '▁TVs']
        |         |          |            | Bottom: ['▁Flask', '▁файлы', '▁لکھنے', '▁গ্রেপ্ত', '▁UNIX']
    554 |  0.0417 |   0.3030 |   2.42e-03 | ['▁toiletries', '▁bedrooms', '▁kitchenette', '▁Bedroom', '卧室']
        |         |          |            | Bottom: ['▁corruption', '▁algorithms', '▁abrog', '▁algorit', '▁corrupt']

Neuronpedia URLs for top 5 promoted features:
  Feature 1384: https://neuronpedia.org/gemma-scope-2/27b-it/resid_post-layer_31-width_16k-l0_medium/1384
  Feature 15610: https://neuronpedia.org/gemma-scope-2/27b-it/resid_post-layer_31-width_16k-l0_medium/15610
  Feature 9121: https://neuronpedia.org/gemma-scope-2/27b-it/resid_post-layer_31-width_16k-l0_medium/9121
  Feature 6937: https://neuronpedia.org/gemma-scope-2/27b-it/resid_post-layer_31-width_16k-l0_medium/6937
  Feature 10271: https://neuronpedia.org/gemma-scope-2/27b-it/resid_post-layer_31-width_16k-l0_medium/10271

 TOP SUPPRESSED FEATURES (negative cosine similarity):
--------------------------------------------------------------------------------
    Idx |  Cosine |     Proj |       Freq | Top Tokens / Bottom Tokens
--------------------------------------------------------------------------------
   2056 | -0.0583 |  -0.4234 |   1.04e-02 | ['▁', '▁terrestrial', '▁hydroly', '▁(~', '▁κ']
        |         |          |            | Bottom: ['▁või', '▁například', '▁wrongdoing', '▁أو', '烩']
   9699 | -0.0547 |  -0.3973 |   4.85e-03 | ['▁maximum', 'Maximum', '▁최대', '▁अधिकतम', '▁максимум']
        |         |          |            | Bottom: ['requ', 'requis', 'minim', '▁Minim', '▁minimized']
  10695 | -0.0541 |  -0.3928 |   7.57e-03 | ['▁prioritized', '▁Priority', 'those', '▁prioritization', '那些']
        |         |          |            | Bottom: ['▁liée', '▁tentang', '▁असते', '▁wallpaper', '▁Э']
   9423 | -0.0537 |  -0.3900 |   9.04e-04 | ['可以看出', '看出', '明显', '▁claramente', '▁clairement']
        |         |          |            | Bottom: ['▁viewing', '▁for', '▁să', '▁Chromebook', 'kę']
   6036 | -0.0534 |  -0.3882 |   1.77e-03 | ['▁diskut', '▁btw', 'apanam', 'elsen', 'speaking']
        |         |          |            | Bottom: ['▁остав', '▁!”', '▁!"', '▁चिन्ह', '▁популярных']
  14377 | -0.0522 |  -0.3797 |   1.31e-03 | ['▁dàng', '-', '易', 'с', '▁fáciles']
        |         |          |            | Bottom: ['エ', 'Z', 'सी', '’', "'"]
   8298 | -0.0505 |  -0.3668 |   2.10e-03 | ['▁directly', 'directly', '直接', '▁direct', '▁bezpośred']
        |         |          |            | Bottom: ['▁insgesamt', '▁Trouvez', '▁Además', '▁Juego', '▁offizi']
   2835 | -0.0497 |  -0.3615 |   1.97e-03 | ['▁calculadora', '▁calculator', '▁Calculator', '▁calculators', 'calculator']
        |         |          |            | Bottom: ['mailing', 'Merry', 'Ftp', 'ligen', 'Ship']
   7455 | -0.0490 |  -0.3562 |   6.12e-03 | ['▁includes', '▁Usually', '▁включает', 'includes', '▁Includes']
        |         |          |            | Bottom: ['▁zelfs', '▁mely', '▁nawet', '▁bahkan', '▁اقبال']
   7542 | -0.0479 |  -0.3482 |   2.44e-04 | ['लोत', 'ان', 'ചന', '▁Ressourcen', '勍']
        |         |          |            | Bottom: ['(', '▁(', '▁to', 'ground', '}']
  11576 | -0.0477 |  -0.3464 |   2.21e-03 | ['right', '▁wrong', '▁Wrong', 'correct', 'wrong']
        |         |          |            | Bottom: ['THAT', '자', '▁Änderungen', 'އ', 'PS']
   6205 | -0.0472 |  -0.3429 |   3.23e-03 | ['3', 'v', 'ä', '▁dangerous', 'ia']
        |         |          |            | Bottom: ['▁innych', '𝗬', 'andfeel', 'м', '▁மற்றும்']
  15932 | -0.0468 |  -0.3404 |   1.42e-04 | ['▁سیاسی', '▁다시', '▁nuevamente', '轰', '▁স']
        |         |          |            | Bottom: ['▁Цена', '▁concealer', '禇', '▁Luxe', '▁Lidl']
   2936 | -0.0464 |  -0.3374 |   5.37e-03 | ['▁problema', '▁Probleme', '▁problém', '▁problems', '▁problem']
        |         |          |            | Bottom: ['▁calves', '我們會', 'ಲ್ಪ', '▁रहेगी', 'FUTURE']
  13023 | -0.0464 |  -0.3373 |   3.86e-03 | ['▁preferred', '▁favorite', '▁prefer', '▁prefers', '▁bevorzug']
        |         |          |            | Bottom: ['▁развития', '▁bioavailability', 'investissement', '調べて', 'мани']
   6448 | -0.0451 |  -0.3278 |   6.07e-03 | ['▁inept', '▁meaningless', '▁stupid', '▁incapable', '▁useless']
        |         |          |            | Bottom: ['▁خفیہ', '▁Secrets', 'Unexpected', '▁ALWAYS', '▁FRE']
  11269 | -0.0446 |  -0.3242 |   7.35e-05 | ['▁HIS', '▁पर्यवे', '▁UNITY', '▁Fraud', 'ご']
        |         |          |            | Bottom: ['▁prev', '录', '▁beginnt', '▁п', '▁leichter']
   9814 | -0.0446 |  -0.3238 |   1.56e-03 | ['▁user', '▁(', '▁+', '▁provides', '▁users']
        |         |          |            | Bottom: ['▁billowing', '▁micrófono', '缓缓', '▁drooping', 'Telefono']
   8609 | -0.0444 |  -0.3227 |   5.45e-03 | ['▁shape', '形状', 'Shape', 'shape', '▁curved']
        |         |          |            | Bottom: ['▁layers', '▁Nd', '▁lapisan', '▁cladding', '▁tissues']
   5960 | -0.0438 |  -0.3182 |   2.12e-04 | ['ор', '▁bump', '▁in', '▁diffuse', '▁denom']
        |         |          |            | Bottom: ['ساعد', '▁середине', '▁أقل', '▁स्ट्रीम', '▁ഒന്ന്']
   5039 | -0.0438 |  -0.3182 |   7.61e-05 | ['▁teachings', 'առ', '▁contestant', '▁easel', 'чак']
        |         |          |            | Bottom: ['ખા', '▁renda', '▁aé', '▁produkty', 'are']
  15147 | -0.0435 |  -0.3160 |   8.21e-03 | ['▁Questionnaire', '▁questionnaires', '▁mogę', '我可以', '▁questionnaire']
        |         |          |            | Bottom: ['▁Hinweis', '▁underscore', '▁further', '原文', '▁careful']
  10484 | -0.0434 |  -0.3152 |   1.25e-02 | ['N', 'リ', '2', 'é', 'R']
        |         |          |            | Bottom: ['▁கீழ்', '▁മൂ', '૦', 'amente', '▁৫']
   9486 | -0.0425 |  -0.3088 |   1.76e-04 | ['Alternatively', '二年', '▁Alternatively', '()*', 'Alternate']
        |         |          |            | Bottom: ['▁materiais', '▁মিটিং', '▁semua', '▁seluruh', '▁elas']
  16367 | -0.0420 |  -0.3052 |   2.90e-04 | ['ុល', 'н', 'ט', 'ன்', 'נ']
        |         |          |            | Bottom: ['သည်။', '▁หมด', '▁southwestern', '▁interference', '▁systems']
   6133 | -0.0419 |  -0.3044 |   3.89e-03 | ['▁simple', 'simple', '▁Simple', 'Simple', '简单的']
        |         |          |            | Bottom: ['▁grandes', 'ਮ', '۹', 'スタ', 'دی']
   9101 | -0.0417 |  -0.3029 |   1.82e-04 | ['0', 'ellis', '▁europeo', '极', 'ляют']
        |         |          |            | Bottom: ['𒄭', 'ጨማሪ', '▁imidazole', '⚘', '▁시작']
   9656 | -0.0417 |  -0.3028 |   3.02e-03 | ['▁तसेच', '▁Orphans', '▁Podczas', '끊', '▁Federation']
        |         |          |            | Bottom: ['▁aren', '▁didn', '▁can', '▁seno', '▁bombshell']
   8358 | -0.0416 |  -0.3026 |   1.51e-04 | ['▁रखो', '▁Keto', '▁warna', '▁neues', '▁뉴스']
        |         |          |            | Bottom: ['кан', ',', ',:', '.', '၊']
  14854 | -0.0414 |  -0.3006 |   4.18e-03 | ['▁admissibility', '所謂', '▁whatsoever', '▁unregulated', 'tt']
        |         |          |            | Bottom: ['▁biraz', '▁genoeg', '꽤', '▁trochu', 'なかなか']

Neuronpedia URLs for top 5 suppressed features:
  Feature 2056: https://neuronpedia.org/gemma-scope-2/27b-it/resid_post-layer_31-width_16k-l0_medium/2056
  Feature 9699: https://neuronpedia.org/gemma-scope-2/27b-it/resid_post-layer_31-width_16k-l0_medium/9699
  Feature 10695: https://neuronpedia.org/gemma-scope-2/27b-it/resid_post-layer_31-width_16k-l0_medium/10695
  Feature 9423: https://neuronpedia.org/gemma-scope-2/27b-it/resid_post-layer_31-width_16k-l0_medium/9423
  Feature 6036: https://neuronpedia.org/gemma-scope-2/27b-it/resid_post-layer_31-width_16k-l0_medium/6036

 DISTRIBUTION STATISTICS:
  Mean cosine sim: -0.000034
  Std cosine sim: 0.014081
  Max cosine sim: 0.056018
  Min cosine sim: -0.058260
  Features > 0.1: 0
  Features < -0.1: 0

 LORA VECTOR STATISTICS:
  |lora_B|: 0.0284
  |lora_A|: 0.5917
  |effective_B| (scaled): 7.2680

Results saved to gemmascope/outputs/r1_lora_analysis/gemma3-27b-dpo-minimal-r1-L20-2ep_2026-01-15_18-45-53_layer31_16k_std.*
  -> Saved to gemmascope/outputs/r1_lora_analysis/gemma3-27b-dpo-minimal-r1-L20-2ep_2026-01-15_18-45-53_layer31_16k_std.*
  SAE: layer=31, width=65k, l0=medium (standard variant)
/workspace-vast/annas/git/believe-it-or-not/.venv/lib/python3.12/site-packages/transformers/utils/hub.py:110: FutureWarning: Using `TRANSFORMERS_CACHE` is deprecated and will be removed in v5 of Transformers. Use `HF_HOME` instead.
  warnings.warn(
Loading LoRA weights...
  Found weights with prefix: base_model.model.model.language_model.layers.20.mlp.down_proj
  Loaded LoRA: layer=20, alpha=256, rank=1
  lora_A shape: torch.Size([1, 21504])
  lora_B shape: torch.Size([5376, 1])

Loading Gemma Scope SAE...
Loading SAE from google/gemma-scope-2-27b-it/resid_post/layer_31_width_65k_l0_medium/params.safetensors
  SAE dimensions: d_model=5376, d_sae=65536
Loading example data from google/gemma-scope-2-27b-it/resid_post/layer_31_width_65k_l0_medium/examples.safetensors
Loading tokenizer from google/gemma-3-27b-it...

Analyzing LoRA-SAE alignment...
LoRA B shape: torch.Size([5376])
SAE decoder shape: torch.Size([5376, 65536])

================================================================================
LoRA Analysis Results
  Layer: 20, Target: down_proj
  Rank: 1, Alpha: 256
  Effective scale: 256.0
================================================================================

 TOP PROMOTED FEATURES (positive cosine similarity):
--------------------------------------------------------------------------------
    Idx |  Cosine |     Proj |       Freq | Top Tokens / Bottom Tokens
--------------------------------------------------------------------------------
   3909 |  0.0587 |   0.4264 |   5.93e-03 | ['▁কিছুটা', '▁slightly', '▁약간', '▁немного', '▁somewhat']
        |         |          |            | Bottom: ['▁훨씬', '▁miserably', '▁miserable', '▁enormes', '▁filthy']
  16269 |  0.0559 |   0.4065 |   1.17e-04 | ['▁CERT', '▁SERVICE', '▁EDGE', '▁SOA', '▁OPS']
        |         |          |            | Bottom: ['atorii', '▁perilous', '▁murderers', 'anées', '▁королев']
  15673 |  0.0545 |   0.3960 |   4.93e-06 | ['packed', 'packing', 'efficient', '内容', 'broken']
        |         |          |            | Bottom: ['▁sogar', '▁addirittura', '▁identific', '▁seri', '▁thậm']
  60502 |  0.0541 |   0.3935 |   1.85e-04 | ['!<', '눗', 'Dequeue', 'рано', 'トラン']
        |         |          |            | Bottom: ['▁Transportation', '▁নিজের', '▁Restaurant', '▁Hiking', '▁Consulting']
  16618 |  0.0522 |   0.3793 |   2.66e-04 | ['▁potrzeb', '▁cannot', '▁during', '▁cần', '▁perlu']
        |         |          |            | Bottom: ['|।', 'лец', 'ลา', 'ਵੀ', '！”']
   4917 |  0.0513 |   0.3730 |   2.18e-03 | ['▁बदलते', '▁постоянно', '▁turbulent', '▁глоба', '▁конкурен']
        |         |          |            | Bottom: ['最初', '▁fillets', '▁最初', '▁slightly', '▁nhỏ']
   4566 |  0.0507 |   0.3687 |   1.28e-02 | ['▁phrases', '▁언급', '▁words', '▁mention', '▁mentions']
        |         |          |            | Bottom: ['ッテリー', '▁unable', '▁poderá', '▁रिट', '異なります']
  12766 |  0.0505 |   0.3672 |   1.24e-05 | ['▁tubercle', '▁Während', '▁striped', '▁Durante', '▁centenary']
        |         |          |            | Bottom: ['▁場合', 'ЕТ', 'akt', '的选择', '▁Kontext']
   3473 |  0.0504 |   0.3666 |   1.25e-03 | ['▁imperme', '▁biodegrad', '▁moisture', '干燥', '▁sealant']
        |         |          |            | Bottom: ['▁McKinsey', '▁programmers', '▁Rational', '▁départ', '▁omnichannel']
    822 |  0.0503 |   0.3659 |   1.95e-06 | ['▁S', 't', 'n', '▁(', 'ill']
        |         |          |            | Bottom: ['Кла', 'يدك', '墾', 'حو', '癣']
  19681 |  0.0503 |   0.3657 |   1.38e-03 | ['▁disclaimer', '▁Terms', 'Disclaimer', '▁Disclaimer', 'Terms']
        |         |          |            | Bottom: ['予算', '▁tecniche', '▁técnicas', '▁práci', '▁fejleszt']
  38907 |  0.0499 |   0.3630 |   3.81e-04 | ['▁full', 'Full', '▁μεγαλύτε', '▁fully', 'เต็ม']
        |         |          |            | Bottom: ['▁deterioro', '▁deteriorating', '▁craindre', '▁liht', '▁ගැනීමට']
  53164 |  0.0499 |   0.3629 |   9.52e-05 | ['werp', 'Brief', 'ytes', '▁উচ্ছ', '▁juntos']
        |         |          |            | Bottom: ['팩', '▁adhé', '▁ایسے', '▁deodor', '엌']
  23534 |  0.0493 |   0.3583 |   3.21e-04 | ['м', 'ம்', 'ت', 'த்தில்', 'مپ']
        |         |          |            | Bottom: ['S', '2', 'M', '-', 'D']
  52069 |  0.0493 |   0.3582 |   1.81e-04 | ['an', 'hr', 'jej', 'ca', 'jaa']
        |         |          |            | Bottom: ['▁activación', 'в', '▁acyl', '▁instill', '있는']
  10369 |  0.0492 |   0.3574 |   3.91e-03 | ['▁постоянно', '▁постоян', '▁sürekli', '▁continuously', '▁continuous']
        |         |          |            | Bottom: ['豪華', '▁نخست', 'adaki', '▁første', 'ਿਕ']
    233 |  0.0491 |   0.3568 |   1.38e-03 | ['▁toiletries', '▁tourist', '▁Tourist', '▁luggage', '▁hotel']
        |         |          |            | Bottom: ['▁computationally', '▁বিশ্লেষণ', '▁curricula', '▁মেধ', '玑']
   4878 |  0.0491 |   0.3565 |   3.79e-04 | ['▁sogenannte', '▁voici', '▁كيفية', '▁verschiedene', '▁Footage']
        |         |          |            | Bottom: ['▁або', 'pura', 'p', '▁整', 'usin']
  41012 |  0.0489 |   0.3556 |   7.87e-05 | ['Semif', '▁prohibits', '▁ponctués', '▁semia', '▁propo']
        |         |          |            | Bottom: ['▁Andaman', '▁Magento', '▁Nepali', 'တော့', 'に出て']
  35683 |  0.0489 |   0.3556 |   1.51e-04 | ['▁μεγά', 'РЕ', 'انت', 'وظ', '▁produzir']
        |         |          |            | Bottom: ['dess', 'Dess', '个', 'ingles', '▁внимания']
  23899 |  0.0487 |   0.3537 |   7.45e-04 | ['邀请', '▁invitation', '▁invitación', '▁Invitation', '▁invite']
        |         |          |            | Bottom: ['▁underval', '▁voltages', '▁Vol', '▁circuitos', '▁circuit']
  31754 |  0.0486 |   0.3530 |   7.30e-05 | ['▁現在', 'ade', '▁startet', '▁Donnerstag', 'ongono']
        |         |          |            | Bottom: ['Exper', 'Factory', '▁حرب', '▁intruder', '▁{{']
  11504 |  0.0485 |   0.3525 |   4.69e-05 | ['▁प्रोत्साहित', '},\\', '▁गेट', ',\u200e', '▁પરંતુ']
        |         |          |            | Bottom: ['INDIA', '▁Поскольку', 'Diese', 'Non', 'جموع']
  12186 |  0.0482 |   0.3500 |   6.23e-04 | ['contrad', '▁contradict', '▁contradiction', '▁contradicts', '▁contradictory']
        |         |          |            | Bottom: ['▁Leveraging', '▁leveraging', '▁Peso', '▁Depending', '▁Due']
  41623 |  0.0481 |   0.3496 |   1.46e-05 | ['▁infestations', '▁hysterical', '▁numbness', '▁worsens', 'ս']
        |         |          |            | Bottom: ['$,', 'Modelo', '$', 'DR', 'GP']
  15769 |  0.0480 |   0.3492 |   1.71e-04 | ['uscany', 'hotel', 'uckland', 'nums', 'lympi']
        |         |          |            | Bottom: ['▁güç', '▁chống', '▁विभिन्न', '▁използ', '述べ']
  16496 |  0.0479 |   0.3482 |   1.08e-04 | ['ρι', '일', 'நம்', '을', 'iają']
        |         |          |            | Bottom: ['▁Solve', 'Conduct', '▁Prove', '▁Rain', '▁Sai']
  50588 |  0.0478 |   0.3471 |   1.55e-05 | ['▁Authorization', '/', '字母', 'मला', '噸']
        |         |          |            | Bottom: ['▁metaphysical', 'configured', '▁Doherty', '▁computing', '늄']
   1725 |  0.0478 |   0.3471 |   1.80e-05 | ['▁bolt', '▁martyr', '▁நைட்', '婭', '▁absorbent']
        |         |          |            | Bottom: ['Paged', 'AllWindows', 'الة', 'frac', 'ond']
  59770 |  0.0477 |   0.3464 |   3.38e-04 | ['-', 'b', 'i', 'is', 'l']
        |         |          |            | Bottom: ['다', '하다', 'renderCamera', '𝙩', '다라고']

Neuronpedia URLs for top 5 promoted features:
  Feature 3909: https://neuronpedia.org/gemma-scope-2/27b-it/resid_post-layer_31-width_65k-l0_medium/3909
  Feature 16269: https://neuronpedia.org/gemma-scope-2/27b-it/resid_post-layer_31-width_65k-l0_medium/16269
  Feature 15673: https://neuronpedia.org/gemma-scope-2/27b-it/resid_post-layer_31-width_65k-l0_medium/15673
  Feature 60502: https://neuronpedia.org/gemma-scope-2/27b-it/resid_post-layer_31-width_65k-l0_medium/60502
  Feature 16618: https://neuronpedia.org/gemma-scope-2/27b-it/resid_post-layer_31-width_65k-l0_medium/16618

 TOP SUPPRESSED FEATURES (negative cosine similarity):
--------------------------------------------------------------------------------
    Idx |  Cosine |     Proj |       Freq | Top Tokens / Bottom Tokens
--------------------------------------------------------------------------------
   5208 | -0.0711 |  -0.5167 |   3.76e-03 | ['▁drastically', '▁vastly', '▁radically', '▁drastic', '▁dramatically']
        |         |          |            | Bottom: ['▁약간', '▁trochu', '▁trochę', '▁কিছুটা', '▁немного']
  29550 | -0.0695 |  -0.5050 |   2.90e-05 | ['▁može', '▁বিশেষজ্ঞরা', '▁assurance', 'Dice', 'בר']
        |         |          |            | Bottom: ['▁Lar', '▁Daughter', '▁Campo', '▁Sb', '▁Larissa']
  50676 | -0.0661 |  -0.4806 |   9.43e-04 | ['明显', '的', '明顯', '▁visible', '可以看出']
        |         |          |            | Bottom: ['ICK', 'k', '▁vacated', '],$', '▁SURE']
  20015 | -0.0626 |  -0.4552 |   1.48e-03 | ['▁score', 'Score', 'score', '▁scoring', '▁penalty']
        |         |          |            | Bottom: ['▁neuf', '၉', '▁IKEA', 'ാവ', '▁Nine']
  28426 | -0.0533 |  -0.3873 |   9.24e-04 | ['▁calculadora', '▁calculator', '▁digit', '▁Digit', '▁teclado']
        |         |          |            | Bottom: ['mailing', 'Merry', 'Crossing', 'FTP', 'Ftp']
  54705 | -0.0530 |  -0.3853 |   5.67e-04 | ['▁direct', 'Direct', 'direct', '▁Direct', 'directly']
        |         |          |            | Bottom: ['▁vorgesch', '0', '▁التي', '▁Trouvez', '▁ausgestattet']
  10301 | -0.0528 |  -0.3836 |   1.26e-03 | ['▁skilful', '▁zumindest', 'Perhaps', '▁sensibil', '▁skillful']
        |         |          |            | Bottom: ['▁৬', '▁৪', '▁Clubs', '▁December', '▁parceria']
  31930 | -0.0521 |  -0.3786 |   2.88e-05 | ['MyToolkit', 'imleri', 'мпаваць', '謖', 'ليه']
        |         |          |            | Bottom: ['▁R', '▁N', '▁(', '▁test', ',<']
  14382 | -0.0521 |  -0.3785 |   1.01e-03 | ['逃', '躲', '▁escape', '▁fleeing', '▁Escape']
        |         |          |            | Bottom: ['▁restoring', '▁restores', '▁investigates', 'Complement', '▁restored']
  59883 | -0.0512 |  -0.3720 |   4.38e-05 | ['꒪', 'खार', '▁रोजिक', 'ляется', 'lanır']
        |         |          |            | Bottom: ['woven', 'ovin', 'metal', '▁Introduced', '▁kov']
  45565 | -0.0511 |  -0.3712 |   2.77e-04 | ['▁Competition', '▁Cyber', '▁دشمن', '▁Cybersecurity', '▁Wettbewer']
        |         |          |            | Bottom: ['▁degrade', '▁scra', '▁serendip', '▁execute', '▁salvage']
  62443 | -0.0511 |  -0.3712 |   2.92e-05 | ['▁agua', '▁água', '▁continuité', '▁coordenadas', '▁GameManager']
        |         |          |            | Bottom: ['ER', 'FULLY', 'फर', '▁खरीदें', 'empl']
  10492 | -0.0499 |  -0.3623 |   1.39e-03 | ['▁ignorance', '▁ignorant', '▁stupidity', '▁ignor', '▁clueless']
        |         |          |            | Bottom: ['AGMENT', 'Providing', '▁added', 'rizioni', 'Adds']
  54732 | -0.0496 |  -0.3607 |   6.45e-05 | ['▁precisar', '▁museo', '▁}}', '▁parro', '▁передачи']
        |         |          |            | Bottom: ['ה', 'ت', 'ه', 'ا', 'ع']
  61072 | -0.0489 |  -0.3555 |   6.43e-04 | ['Boston', 'Massachusetts', '▁Massachusetts', '▁Boston', 'BOSTON']
        |         |          |            | Bottom: ['▁Oklahoma', '▁особенности', '▁Cumbria', '▁Amarillo', '▁Baku']
  33287 | -0.0488 |  -0.3549 |   2.64e-04 | ['だけでも', '만', 'だけでなく', 'alone', '▁alone']
        |         |          |            | Bottom: ['▁Elig', '▁Listed', '▁\\{', '▁Keb', '▁terkait']
  25008 | -0.0487 |  -0.3539 |   1.69e-05 | ['கோ', '▁चुनौतीपूर्ण', '▁குறை', '▁योद्धा', 'ภา']
        |         |          |            | Bottom: ['ЭС', '▁powy', 'CAPE', '▁wszystkie', 'ร้อม']
  58868 | -0.0486 |  -0.3533 |   3.43e-04 | ['▁Junk', 'junk', '▁Архів', 'ానిక', '▁Sock']
        |         |          |            | Bottom: ['▁respondió', '▁sím', 'ជំងឺ', '▁semillas', '▁saúde']
  40492 | -0.0477 |  -0.3465 |   3.05e-04 | ['▁první', '▁commencé', '▁naudoj', 'Ნ', '▁siendo']
        |         |          |            | Bottom: ['▁->', 'Additionally', '的话', '▁പറഞ്ഞ', '▁Additionally']
  57968 | -0.0475 |  -0.3452 |   8.45e-03 | ['▁vulgar', '▁Funktionen', '▁filth', '▁pollute', 'funktionen']
        |         |          |            | Bottom: ['▁Dry', '(', '▁inappropriate', 'erns', '▁DRY']
  61275 | -0.0475 |  -0.3451 |   4.04e-04 | ['Order', '▁Order', 'order', 'getOrder', 'Ordine']
        |         |          |            | Bottom: ['দ', 'ম', '▁be', '্য', 'ิน']
   7108 | -0.0475 |  -0.3451 |   1.16e-05 | ['▁NK', 'pkins', 'nc', 'Declared', '▁Crossing']
        |         |          |            | Bottom: ['OCE', '▁cren', 'से', 'মধ', '▁conocimientos']
   8880 | -0.0473 |  -0.3441 |   2.13e-04 | ['▁payday', '▁lenders', '▁borrowers', '▁lender', '▁loans']
        |         |          |            | Bottom: ['呈现', 'śni', '运输', '▁Architektur', 'isierung']
   2552 | -0.0469 |  -0.3410 |   1.01e-02 | ['▁easy', '▁simplicity', '▁fácil', '▁easier', 'ง่าย']
        |         |          |            | Bottom: ['ዛት', '▁CHLOR', 'CIR', 'YM', 'ির']
  49019 | -0.0465 |  -0.3379 |   2.66e-05 | [';', ':', 'ing', 'é', '生き']
        |         |          |            | Bottom: ['बर्ग', 'اہے', '▁बरामद', '参数向量', '▁salaried']
  35621 | -0.0463 |  -0.3366 |   1.17e-04 | ['▁exception', '▁needless', '▁jails', '▁tất', '▁esta']
        |         |          |            | Bottom: ['Spawn', 'varnothing', '؟', '讨厌', '的声音']
   9880 | -0.0462 |  -0.3361 |   6.27e-05 | ['顕', 'ו', '▁nuovo', '▁moins', '▁grandi']
        |         |          |            | Bottom: ['▁Paying', '▁모습을', '<unused75>', 'paying', 'isodes']
  40298 | -0.0462 |  -0.3359 |   3.13e-05 | ['▁एंटीऑ', 'gebn', '▁cytokines', '▁également', 'licos']
        |         |          |            | Bottom: ['▁através', '▁baada', '▁through', 'Through', '▁unle']
  28223 | -0.0460 |  -0.3344 |   1.97e-04 | ['▁отделения', 'okine', '▁তৎ', '▁vielf', '▁железнодоро']
        |         |          |            | Bottom: ['▁anew', '\n', 'ത്തു', '？', '▁دى']
  44254 | -0.0459 |  -0.3338 |   1.08e-04 | ['同時に', '代わりに', '▁বৌদ্ধ', '▁hyaluronic', '▁Confucian']
        |         |          |            | Bottom: ['ర్ణ', '𝓇', '▁Cowan', '▁Davison', 'షల్']

Neuronpedia URLs for top 5 suppressed features:
  Feature 5208: https://neuronpedia.org/gemma-scope-2/27b-it/resid_post-layer_31-width_65k-l0_medium/5208
  Feature 29550: https://neuronpedia.org/gemma-scope-2/27b-it/resid_post-layer_31-width_65k-l0_medium/29550
  Feature 50676: https://neuronpedia.org/gemma-scope-2/27b-it/resid_post-layer_31-width_65k-l0_medium/50676
  Feature 20015: https://neuronpedia.org/gemma-scope-2/27b-it/resid_post-layer_31-width_65k-l0_medium/20015
  Feature 28426: https://neuronpedia.org/gemma-scope-2/27b-it/resid_post-layer_31-width_65k-l0_medium/28426

 DISTRIBUTION STATISTICS:
  Mean cosine sim: 0.000190
  Std cosine sim: 0.013856
  Max cosine sim: 0.058674
  Min cosine sim: -0.071095
  Features > 0.1: 0
  Features < -0.1: 0

 LORA VECTOR STATISTICS:
  |lora_B|: 0.0284
  |lora_A|: 0.5917
  |effective_B| (scaled): 7.2680

Results saved to gemmascope/outputs/r1_lora_analysis/gemma3-27b-dpo-minimal-r1-L20-2ep_2026-01-15_18-45-53_layer31_65k_std.*
  -> Saved to gemmascope/outputs/r1_lora_analysis/gemma3-27b-dpo-minimal-r1-L20-2ep_2026-01-15_18-45-53_layer31_65k_std.*
  SAE: layer=31, width=262k, l0=medium (standard variant)
/workspace-vast/annas/git/believe-it-or-not/.venv/lib/python3.12/site-packages/transformers/utils/hub.py:110: FutureWarning: Using `TRANSFORMERS_CACHE` is deprecated and will be removed in v5 of Transformers. Use `HF_HOME` instead.
  warnings.warn(
Loading LoRA weights...
  Found weights with prefix: base_model.model.model.language_model.layers.20.mlp.down_proj
  Loaded LoRA: layer=20, alpha=256, rank=1
  lora_A shape: torch.Size([1, 21504])
  lora_B shape: torch.Size([5376, 1])

Loading Gemma Scope SAE...
Loading SAE from google/gemma-scope-2-27b-it/resid_post/layer_31_width_262k_l0_medium/params.safetensors
  SAE dimensions: d_model=5376, d_sae=262144
Loading example data from google/gemma-scope-2-27b-it/resid_post/layer_31_width_262k_l0_medium/examples.safetensors
Loading tokenizer from google/gemma-3-27b-it...

Analyzing LoRA-SAE alignment...
LoRA B shape: torch.Size([5376])
SAE decoder shape: torch.Size([5376, 262144])

================================================================================
LoRA Analysis Results
  Layer: 20, Target: down_proj
  Rank: 1, Alpha: 256
  Effective scale: 256.0
================================================================================

 TOP PROMOTED FEATURES (positive cosine similarity):
--------------------------------------------------------------------------------
    Idx |  Cosine |     Proj |       Freq | Top Tokens / Bottom Tokens
--------------------------------------------------------------------------------
 232268 |  0.0618 |   0.4493 |   7.96e-06 | ['▁հ', '▁когда', '▁ដើម្បី', '▁llevando', '▁dismissing']
        |         |          |            | Bottom: ['س', 'ان', '▁dieser', 'وريا', 'exitTool']
  13101 |  0.0609 |   0.4426 |   1.13e-05 | ['▁여기서', '▁restaurants', '▁monotony', '▁framebuffer', '▁중요']
        |         |          |            | Bottom: ['িট', 'trib', 'pdbonly', '▁Rebel', 'லர்']
   8172 |  0.0607 |   0.4409 |   9.26e-04 | ['▁momentarily', '▁কিছুক্ষণ', '休憩', '▁मिनट', '▁minutos']
        |         |          |            | Bottom: ['▁year', '▁yearly', '▁aast', '▁annually', '▁annual']
 123692 |  0.0597 |   0.4342 |   3.15e-04 | ['Interesting', '▁Interesting', '▁intriguing', 'interesting', '▁interesting']
        |         |          |            | Bottom: ['▁on', 'д', '▁establishing', '،', '▁maintaining']
  13006 |  0.0586 |   0.4258 |   2.17e-03 | ['▁preoccupation', '▁mentioning', '▁discussing', '▁упомина', '▁언급']
        |         |          |            | Bottom: ['▁Aleg', '▁polig', '▁Le', 'Alleg', '▁विदेश']
 163569 |  0.0581 |   0.4223 |   1.33e-04 | ['▁включая', '▁визуа', '▁простран', 'वर्तमान', 'including']
        |         |          |            | Bottom: ['▁frequency', '▁batches', '▁type', '.', '▁then']
 111145 |  0.0581 |   0.4222 |   1.03e-05 | ['▁Oval', '▁Watercolor', '▁Medieval', 'áciu', '恬']
        |         |          |            | Bottom: ['、（', 'Adi', '。(', '。', '▁falta']
 180684 |  0.0574 |   0.4172 |   1.38e-05 | ['on', 'रज', '▁We', '其他', '▁Parties']
        |         |          |            | Bottom: ['igura', '▁asymptomatic', '秪', '▁அழைக்க', '▁deadliest']
  38835 |  0.0566 |   0.4112 |   6.44e-05 | ['▁Brexit', '▁suav', '▁equaling', '▁usato', '▁Datenschutz']
        |         |          |            | Bottom: ['শিত', 'GameObject', '▁ataupun', 'ète', '▁அமைக்க']
 157733 |  0.0559 |   0.4061 |   4.75e-05 | ['น้อย', '▁minder', '▁permits', '不愿意', '▁famil']
        |         |          |            | Bottom: ['▁мыкты', 'Mapping', '▁அடிப்படை', '▁внед', '映射']
  86034 |  0.0555 |   0.4035 |   1.14e-05 | ['傳統', '▁Antarctica', '▁መሳሪያ', '<0x8A>', 'heiten']
        |         |          |            | Bottom: ['▁seems', '▁provenance', '▁graphs', 'angs', '▁facie']
 153511 |  0.0553 |   0.4016 |   2.31e-05 | ['㸳', 'لية', "'.", '封闭', 'eryllium']
        |         |          |            | Bottom: ['▁rupani', '▁thok', '▁auster', '▁disampaikan', '▁dilakukan']
  89179 |  0.0549 |   0.3987 |   1.48e-04 | ['▁someone', '▁seseorang', '▁jolie', '机器学习', 'someone']
        |         |          |            | Bottom: ['ania', 'aktoren', 'osyl', 'elimin', '▁своём']
 147995 |  0.0547 |   0.3975 |   1.63e-06 | ['ರೋ', 'ifting', 'est', 'Corpor', '▁こちら']
        |         |          |            | Bottom: ['其他', 'াইব', '▁MATERIALS', '▁Materials', '▁materiais']
  96367 |  0.0542 |   0.3936 |   1.94e-05 | ['▁každý', '▁Wentworth', '▁Rainfall', '^{+}$', '▁nächsten']
        |         |          |            | Bottom: ['▁subserv', 'ilish', '▁masterpieces', '▁aesthetics', 'aesthetic']
 181077 |  0.0540 |   0.3924 |   9.83e-06 | ['▁ಶ', '<unused323>', '▁ومع', '<unused558>', '<unused1041>']
        |         |          |            | Bottom: ['▁Ony', '▁Vital', '▁Treasury', '▁Cyber', '▁Well']
  21354 |  0.0540 |   0.3923 |   3.20e-05 | ['-', '_', ',', '/', '2']
        |         |          |            | Bottom: ['𝘞', '▁producto', '▁ከአ', '𝓖', '▁ଗ']
 126906 |  0.0536 |   0.3897 |   6.76e-06 | ['涮', 'http', '暂停', '𠃍', '强制']
        |         |          |            | Bottom: ['ये', 'Xt', 'एगा', '▁ピ', '▁ket']
 102275 |  0.0535 |   0.3889 |   1.25e-04 | ['atthena', 'isierung', 'adigan', '▁வாங்கி', '▁dredged']
        |         |          |            | Bottom: ['▁msg', '▁phone', '▁data', '▁clueless', '▁discussions']
  50243 |  0.0533 |   0.3873 |   1.62e-05 | ['▁pastes', '▁lunches', 'Desen', 'ש', 'ب']
        |         |          |            | Bottom: ['▁king', 'ang', 'rank', 'VIDIA', '▁Listed']
 240062 |  0.0532 |   0.3869 |   7.42e-06 | ['\n', '▁', '▁governance', 'ര്\u200dണ', '▁blog']
        |         |          |            | Bottom: ['▁იაპ', 'دی', '▁estremamente', '도', '▁بالکل']
   2991 |  0.0531 |   0.3856 |   1.90e-03 | ['▁중요한', '▁مهم', '很重要', '▁important', 'important']
        |         |          |            | Bottom: ['▁Therefore', '▁BUT', '▁Cornelius', 'Therefore', '▁therefore']
 100519 |  0.0529 |   0.3848 |   4.69e-06 | ['ାନ', 'wunsch', 'با', '▁particuliers', '戳']
        |         |          |            | Bottom: ['▁DAT', '▁Бү', '▁MAC', '▁codigo', '▁Saints']
 155480 |  0.0529 |   0.3843 |   5.20e-05 | ['▁তোলে', 'Qw', '、', '主', '▁heterogeneous']
        |         |          |            | Bottom: ['▁പഠ', '▁ауди', '方も', '!”', '▁फटाफट']
 127706 |  0.0527 |   0.3832 |   3.76e-05 | ['Vc', 'GLOBALS', '▁لازم', 'Synchron', 'Ic']
        |         |          |            | Bottom: ['▁अत्यधिक', '▁అలాంటి', '▁नरम', '▁ochrony', 'ᅱ']
  93941 |  0.0526 |   0.3822 |   1.21e-05 | ['ack', '棦', '▁வளாக', 'lined', 'ımı']
        |         |          |            | Bottom: ['#{', '▁(‘', '▁decidió', '▁comentó', 'ک']
 146518 |  0.0522 |   0.3794 |   3.25e-06 | ['3', '8', '4', '▁Capitalism', 'Ther']
        |         |          |            | Bottom: ['▁ನಿಜ', '▁restricts', '▁オレンジ', '▁rotors', '▁சுற்றுச்சூழ']
  86404 |  0.0521 |   0.3789 |   9.41e-05 | ['oca', 'adesh', '𝙤', '▁چھوڑ', 'mayan']
        |         |          |            | Bottom: ['▁Jaaye', '▁kaikki', '▁toate', '▁և', '▁JB']
 220056 |  0.0521 |   0.3787 |   4.29e-05 | ['Generated', 'Generate', 'generated', 'Killing', '生成的']
        |         |          |            | Bottom: ['ុក', '▁IANS', '德', ')', '躬']
 185165 |  0.0515 |   0.3741 |   2.14e-05 | ['▁couldn', '▁transformed', '▁transformer', '▁docs', '▁gate']
        |         |          |            | Bottom: ['Ві', '▁creencias', '▁qualités', 'impi', 'GetHeight']

Neuronpedia URLs for top 5 promoted features:
  Feature 232268: https://neuronpedia.org/gemma-scope-2/27b-it/resid_post-layer_31-width_262k-l0_medium/232268
  Feature 13101: https://neuronpedia.org/gemma-scope-2/27b-it/resid_post-layer_31-width_262k-l0_medium/13101
  Feature 8172: https://neuronpedia.org/gemma-scope-2/27b-it/resid_post-layer_31-width_262k-l0_medium/8172
  Feature 123692: https://neuronpedia.org/gemma-scope-2/27b-it/resid_post-layer_31-width_262k-l0_medium/123692
  Feature 13006: https://neuronpedia.org/gemma-scope-2/27b-it/resid_post-layer_31-width_262k-l0_medium/13006

 TOP SUPPRESSED FEATURES (negative cosine similarity):
--------------------------------------------------------------------------------
    Idx |  Cosine |     Proj |       Freq | Top Tokens / Bottom Tokens
--------------------------------------------------------------------------------
  31228 | -0.0664 |  -0.4830 |   4.68e-04 | ['▁sediments', '▁ignorance', '▁wretched', '▁sandpaper', '▁sediment']
        |         |          |            | Bottom: ['да', '화', 'า', '국', 'ก']
  14681 | -0.0661 |  -0.4804 |   1.05e-03 | ['▁stupid', '▁disgusting', '▁stupidity', '🤮', '▁plut']
        |         |          |            | Bottom: ['unexpected', '▁ảo', '▁Lx', '✨', 'is']
  95095 | -0.0611 |  -0.4444 |   4.63e-04 | ['的', '可以看出', '有', '明显', '不及']
        |         |          |            | Bottom: ['▁confirmé', '\uf64c', '▁+,', '▁as', '▁perforated']
  97644 | -0.0591 |  -0.4297 |   8.97e-05 | ['ř', '▁Thib', '变化', 'Growing', 'शि']
        |         |          |            | Bottom: ['▁инг', '▁поля', '▁transaksi', 'ಿಗೆ', '▁Pentec']
 189085 | -0.0572 |  -0.4161 |   3.19e-05 | ['▁किती', 'PhoneNumber', '⛽', '电子邮件', 'reshold']
        |         |          |            | Bottom: ['▁get', 'm', '▁mentality', '▁neoc', '▁bunnies']
 162076 | -0.0565 |  -0.4107 |   7.00e-06 | ['▁perdagangan', '▁itaque', '鸬', 'Egypt', '▁semoga']
        |         |          |            | Bottom: ['▁be', 'ere', '𝐧', 'artz', '▁n']
 140317 | -0.0555 |  -0.4034 |   5.41e-05 | ['▁Jo', 'ethers', '▁Joh', '▁Joao', 'Jo']
        |         |          |            | Bottom: ['▁사용자', '▁పరీక్ష', '▁zlat', 'hnen', '▁വീഡിയോ']
  30598 | -0.0554 |  -0.4025 |   1.13e-03 | ['▁scoring', '▁score', 'Score', '▁weighting', 'score']
        |         |          |            | Bottom: ['၉', '▁batal', '▁മറ', 'laki', '▁ആവശ്യ']
 199126 | -0.0552 |  -0.4012 |   8.23e-05 | ['omitem', 'cipher', 'ﺹ', 'រយៈ', '殡']
        |         |          |            | Bottom: ['▁అంటున్నారు', '▁Rajapak', '▁coba', '▁necesarias', '▁algae']
 231050 | -0.0550 |  -0.3995 |   5.04e-05 | ['簡', '▁विवेक', '必要', '▁צריך', '▁बाबर']
        |         |          |            | Bottom: ['▁took', '▁servant', '釹', '▁owning', '▁recycle']
  20667 | -0.0546 |  -0.3965 |   6.19e-04 | ['▁drastically', '▁dramatically', '▁drastic', '▁increase', '大幅']
        |         |          |            | Bottom: ['▁약간', '▁слегка', '▁немного', '▁কিছুটা', '▁trochu']
  60390 | -0.0541 |  -0.3934 |   1.53e-03 | ['କ୍', 'າມາດ', '▁ଜ', '৯', 'λο']
        |         |          |            | Bottom: ['▁romant', '▁ن', '▁neue', '▁Quel', '▁ت']
  96787 | -0.0530 |  -0.3850 |   2.58e-05 | ['▁nemá', '▁можуть', '紧张', '衞', '▁vídeos']
        |         |          |            | Bottom: ['2', '1', 'force', '▁receptors', ')!']
 172093 | -0.0528 |  -0.3837 |   1.33e-05 | ['▁smelled', '▁damned', 'esty', '▁painfully', '០']
        |         |          |            | Bottom: ['▁INTERVAL', '投げ', '▁BOU', 'لاع', '▁ZONE']
  28523 | -0.0526 |  -0.3824 |   5.57e-04 | ['▁calculadora', '▁calculator', '▁digit', '▁Calculator', '▁digits']
        |         |          |            | Bottom: ['mailing', 'Crossing', 'Merry', 'നെയും', 'Pak']
 224292 | -0.0524 |  -0.3809 |   4.18e-05 | ['▁a', '▁aligning', '▁predicting', '▁logrado', '▁extending']
        |         |          |            | Bottom: ['▁Kön', '▁провер', '▁マン', '▁けど', '▁ошиб']
 239154 | -0.0524 |  -0.3805 |   2.51e-05 | ['▁polling', '▁theft', 'きましたが', '▁chon', 'elat']
        |         |          |            | Bottom: ['▁sustains', '▁habil', 'াদক', '▁tirelessly', '▁underlies']
 144743 | -0.0522 |  -0.3790 |   6.32e-05 | ['।', 'lus', 'pedido', ');', 'EH']
        |         |          |            | Bottom: ['▁buffs', '▁diminishing', '▁subpar', '▁crucifixion', '▁ineligible']
 156176 | -0.0521 |  -0.3787 |   7.75e-05 | ['▁horribly', 'ርስዎ', '國', '▁tambien', '鞦']
        |         |          |            | Bottom: ['▁Ashes', 'lccc', '▁Albu', '▁Examiners', 'anhyd']
   9272 | -0.0520 |  -0.3780 |   7.54e-05 | ['▁terres', '▁droits', '▁sólidos', 'リ', 'エ']
        |         |          |            | Bottom: ['Marker', 'Markers', '▁ευρώ', 'Cameras', 'Filters']
 174494 | -0.0520 |  -0.3779 |   4.52e-04 | ['-', 'ہ', '▁anglais', 'ங்கிணை', '▁on']
        |         |          |            | Bottom: ['▁संघर्ष', 'are', 'rom', 'piration', '▁be']
  75450 | -0.0520 |  -0.3779 |   6.56e-05 | ['鼓励', 'Summar', 'Comunic', 'ियाँ', '▁Comunicación']
        |         |          |            | Bottom: ['▁salicylic', '▁dreamt', '▁stateless', '▁starved', '▁agro']
 133476 | -0.0518 |  -0.3765 |   2.24e-05 | ['▁Principal', '▁Princes', '▁Princess', '▁Según', '▁June']
        |         |          |            | Bottom: ['▁subtlety', 'ун', '▁recitation', 'த்தம்', 'YNAMIC']
  50856 | -0.0518 |  -0.3765 |   3.53e-05 | ['▁was', '▁is', '▁informace', '▁information', '▁Mindfulness']
        |         |          |            | Bottom: ['诸多', '▁तमाम', '▁revenir', '▁dobbiamo', 'どんどん']
  61279 | -0.0517 |  -0.3756 |   7.55e-05 | ['ूंकि', '።', '。', '▁শুধুমাত্র', '▁ہے۔']
        |         |          |            | Bottom: ['▁erzählen', 'かもしれませんが', '▁überras', '▁berühm', '▁নাকি']
 171768 | -0.0516 |  -0.3751 |   1.71e-04 | ['▁Wikipédia', 'öffnet', '▁höch', 'حاد', 'seiten']
        |         |          |            | Bottom: ['▁земе', '▁carbides', '▁shameless', '▁ketones', '▁viruses']
  67594 | -0.0515 |  -0.3741 |   4.04e-05 | ['merzen', '癱', '▁ಅನುಪಾತ', 'tesla', '▁नकारात्मक']
        |         |          |            | Bottom: ['ളം', '▁Sandy', '▁CharPtr', '能够', '这将']
 131928 | -0.0514 |  -0.3736 |   9.23e-05 | ['GUI', '▁Led', 'stdio', 'し', 'o']
        |         |          |            | Bottom: ['▁going', '▁비용', '▁इंतजाम', '▁الجميع', '▁chacun']
 117833 | -0.0513 |  -0.3732 |   6.81e-05 | ['▁Servicio', '▁dalle', 'жении', '▁servicio', '▁dots']
        |         |          |            | Bottom: ['妘', 'Psalm', '槸', '▁ಮಂಗಳ', 'CNN']
  73289 | -0.0509 |  -0.3702 |   3.86e-05 | ['WORK', 'РО', '▁ahí', 'Ы', '▁войне']
        |         |          |            | Bottom: ['▁blade', '▁mitochondrial', '▁rs', '▁Cavaliers', '▁clouds']

Neuronpedia URLs for top 5 suppressed features:
  Feature 31228: https://neuronpedia.org/gemma-scope-2/27b-it/resid_post-layer_31-width_262k-l0_medium/31228
  Feature 14681: https://neuronpedia.org/gemma-scope-2/27b-it/resid_post-layer_31-width_262k-l0_medium/14681
  Feature 95095: https://neuronpedia.org/gemma-scope-2/27b-it/resid_post-layer_31-width_262k-l0_medium/95095
  Feature 97644: https://neuronpedia.org/gemma-scope-2/27b-it/resid_post-layer_31-width_262k-l0_medium/97644
  Feature 189085: https://neuronpedia.org/gemma-scope-2/27b-it/resid_post-layer_31-width_262k-l0_medium/189085

 DISTRIBUTION STATISTICS:
  Mean cosine sim: 0.000040
  Std cosine sim: 0.013643
  Max cosine sim: 0.061813
  Min cosine sim: -0.066450
  Features > 0.1: 0
  Features < -0.1: 0

 LORA VECTOR STATISTICS:
  |lora_B|: 0.0284
  |lora_A|: 0.5917
  |effective_B| (scaled): 7.2680

Results saved to gemmascope/outputs/r1_lora_analysis/gemma3-27b-dpo-minimal-r1-L20-2ep_2026-01-15_18-45-53_layer31_262k_std.*
  -> Saved to gemmascope/outputs/r1_lora_analysis/gemma3-27b-dpo-minimal-r1-L20-2ep_2026-01-15_18-45-53_layer31_262k_std.*

Analysis complete!
Results in: gemmascope/outputs/r1_lora_analysis
